id,expt_id,duration,true,pred,age,gender,filename
1,1,5000,1,1,20,male,real/real-45.jpg
2,1,5000,0,0,20,male,gan/gan-7.jpg
3,1,5000,1,0,20,male,real/real-25.jpg
4,1,5000,0,0,20,male,gan/gan-31.jpg
5,1,5000,0,0,20,male,gan/gan-11.jpg
6,1,5000,1,1,20,male,real/real-5.jpg
7,1,2000,1,1,20,male,real/real-21.jpg
8,1,2000,0,1,20,male,gan/gan-9.jpg
9,1,2000,1,1,20,male,real/real-4.jpg
10,1,2000,0,0,20,male,gan/gan-23.jpg
11,1,2000,0,0,20,male,gan/gan-13.jpg
12,1,2000,1,1,20,male,real/real-49.jpg
13,1,1000,1,1,20,male,real/real-37.jpg
14,1,1000,1,1,20,male,real/real-32.jpg
15,1,1000,0,1,20,male,gan/gan-30.jpg
16,1,1000,0,1,20,male,gan/gan-34.jpg
17,1,1000,0,1,20,male,gan/gan-22.jpg
18,1,1000,1,1,20,male,real/real-39.jpg
19,1,500,0,1,20,male,gan/gan-6.jpg
20,1,500,1,0,20,male,real/real-12.jpg
21,1,500,1,1,20,male,real/real-53.jpg
22,1,500,1,1,20,male,real/real-58.jpg
23,1,500,0,1,20,male,gan/gan-30.jpg
24,1,500,0,0,20,male,gan/gan-25.jpg
25,1,250,1,0,20,male,real/real-7.jpg
26,1,250,0,1,20,male,gan/gan-2.jpg
27,1,250,0,1,20,male,gan/gan-19.jpg
28,1,250,0,1,20,male,gan/gan-1.jpg
29,1,250,1,1,20,male,real/real-51.jpg
30,1,250,1,1,20,male,real/real-58.jpg
31,1,5000,0,0,21,male,gan/gan-2.jpg
32,1,5000,1,1,21,male,real/real-27.jpg
33,1,5000,0,0,21,male,gan/gan-17.jpg
34,1,5000,1,1,21,male,real/real-43.jpg
35,1,5000,1,1,21,male,real/real-52.jpg
36,1,5000,0,0,21,male,gan/gan-42.jpg
37,1,2000,0,0,21,male,gan/gan-27.jpg
38,1,2000,0,0,21,male,gan/gan-5.jpg
39,1,2000,1,1,21,male,real/real-26.jpg
40,1,2000,0,1,21,male,gan/gan-10.jpg
41,1,2000,1,1,21,male,real/real-14.jpg
42,1,2000,1,0,21,male,real/real-54.jpg
43,1,5000,1,0,20,female,real/real-27.jpg
44,1,5000,0,1,20,female,gan/gan-17.jpg
45,1,5000,0,0,20,female,gan/gan-22.jpg
46,1,5000,0,0,20,female,gan/gan-21.jpg
47,1,5000,1,1,20,female,real/real-22.jpg
48,1,5000,1,0,20,female,real/real-55.jpg
49,1,2000,0,1,20,female,gan/gan-15.jpg
50,1,2000,1,1,20,female,real/real-6.jpg
51,1,2000,1,1,20,female,real/real-3.jpg
52,1,2000,0,0,20,female,gan/gan-42.jpg
53,1,2000,1,1,20,female,real/real-32.jpg
54,1,2000,0,0,20,female,gan/gan-19.jpg
55,1,1000,0,0,20,female,gan/gan-33.jpg
56,1,1000,1,1,20,female,real/real-31.jpg
57,1,1000,0,0,20,female,gan/gan-12.jpg
58,1,1000,1,1,20,female,real/real-48.jpg
59,1,1000,0,1,20,female,gan/gan-9.jpg
60,1,1000,1,0,20,female,real/real-35.jpg
61,1,500,1,0,20,female,real/real-53.jpg
62,1,500,0,1,20,female,gan/gan-26.jpg
63,1,500,1,1,20,female,real/real-9.jpg
64,1,500,0,1,20,female,gan/gan-41.jpg
65,1,500,1,1,20,female,real/real-16.jpg
66,1,500,0,0,20,female,gan/gan-7.jpg
67,1,250,1,1,20,female,real/real-4.jpg
68,1,250,1,0,20,female,real/real-45.jpg
69,1,250,0,1,20,female,gan/gan-17.jpg
70,1,250,0,1,20,female,gan/gan-30.jpg
71,1,250,1,1,20,female,real/real-19.jpg
72,1,250,0,0,20,female,gan/gan-19.jpg
73,2,5000,1,1,20,female,real-blur/real-blur-13.jpg
74,2,5000,0,1,20,female,gan-blur/gan-blur-28.jpg
75,2,5000,0,0,20,female,gan-blur/gan-blur-37.jpg
76,2,5000,0,0,20,female,gan-blur/gan-blur-40.jpg
77,2,5000,1,0,20,female,real-blur/real-blur-40.jpg
78,2,5000,1,0,20,female,real-blur/real-blur-30.jpg
79,2,2000,1,0,20,female,real-blur/real-blur-29.jpg
80,2,2000,0,0,20,female,gan-blur/gan-blur-33.jpg
81,2,2000,1,0,20,female,real-blur/real-blur-30.jpg
82,2,2000,0,1,20,female,gan-blur/gan-blur-3.jpg
83,2,2000,0,0,20,female,gan-blur/gan-blur-10.jpg
84,2,2000,1,0,20,female,real-blur/real-blur-59.jpg
85,2,1000,1,1,20,female,real-blur/real-blur-23.jpg
86,2,1000,0,0,20,female,gan-blur/gan-blur-30.jpg
87,2,1000,0,1,20,female,gan-blur/gan-blur-22.jpg
88,2,1000,0,0,20,female,gan-blur/gan-blur-40.jpg
89,2,1000,1,0,20,female,real-blur/real-blur-61.jpg
90,2,1000,1,0,20,female,real-blur/real-blur-52.jpg
91,2,500,1,1,20,female,real-blur/real-blur-20.jpg
92,2,500,0,1,20,female,gan-blur/gan-blur-31.jpg
93,2,500,1,1,20,female,real-blur/real-blur-3.jpg
94,2,500,0,0,20,female,gan-blur/gan-blur-7.jpg
95,2,500,1,1,20,female,real-blur/real-blur-11.jpg
96,2,500,0,0,20,female,gan-blur/gan-blur-24.jpg
97,2,250,0,1,20,female,gan-blur/gan-blur-16.jpg
98,2,250,0,0,20,female,gan-blur/gan-blur-41.jpg
99,2,250,1,1,20,female,real-blur/real-blur-26.jpg
100,2,250,1,0,20,female,real-blur/real-blur-67.jpg
101,2,250,0,0,20,female,gan-blur/gan-blur-33.jpg
102,2,250,1,0,20,female,real-blur/real-blur-29.jpg
103,1,5000,1,1,20,male,real/real-37.jpg
104,1,5000,0,0,20,male,gan/gan-32.jpg
105,1,5000,0,0,20,male,gan/gan-7.jpg
106,1,5000,1,1,20,male,real/real-14.jpg
107,1,5000,1,0,20,male,real/real-43.jpg
108,1,5000,0,1,20,male,gan/gan-30.jpg
109,1,2000,1,0,20,male,real/real-49.jpg
110,1,2000,1,1,20,male,real/real-15.jpg
111,1,2000,1,0,20,male,real/real-33.jpg
112,1,2000,0,0,20,male,gan/gan-34.jpg
113,1,2000,0,0,20,male,gan/gan-1.jpg
114,1,2000,0,0,20,male,gan/gan-7.jpg
115,1,5000,0,1,18,female,gan/gan-1.jpg
116,1,5000,1,1,18,female,real/real-33.jpg
117,1,5000,0,1,18,female,gan/gan-26.jpg
118,1,5000,1,1,18,female,real/real-45.jpg
119,1,5000,1,0,18,female,real/real-9.jpg
120,1,5000,0,0,18,female,gan/gan-25.jpg
121,1,1000,0,0,20,male,gan/gan-8.jpg
122,1,1000,0,1,20,male,gan/gan-11.jpg
123,1,1000,0,0,20,male,gan/gan-38.jpg
124,1,1000,1,0,20,male,real/real-43.jpg
125,1,1000,1,0,20,male,real/real-49.jpg
126,1,1000,1,0,20,male,real/real-44.jpg
127,1,5000,1,1,19,female,real/real-19.jpg
128,1,5000,1,1,19,female,real/real-34.jpg
129,1,5000,1,0,19,female,real/real-1.jpg
130,1,5000,0,0,19,female,gan/gan-10.jpg
131,1,5000,0,0,19,female,gan/gan-34.jpg
132,1,5000,0,1,19,female,gan/gan-22.jpg
133,1,500,1,0,20,male,real/real-12.jpg
134,1,500,1,1,20,male,real/real-58.jpg
135,1,500,1,0,20,male,real/real-54.jpg
136,1,500,0,1,20,male,gan/gan-19.jpg
137,1,500,0,0,20,male,gan/gan-8.jpg
138,1,500,0,0,20,male,gan/gan-37.jpg
139,1,2000,0,0,19,female,gan/gan-12.jpg
140,1,2000,0,0,19,female,gan/gan-23.jpg
141,1,2000,1,0,19,female,real/real-56.jpg
142,1,2000,1,1,19,female,real/real-18.jpg
143,1,2000,1,0,19,female,real/real-54.jpg
144,1,2000,0,0,19,female,gan/gan-2.jpg
145,1,250,0,1,20,male,gan/gan-21.jpg
146,1,250,0,1,20,male,gan/gan-13.jpg
147,1,250,1,0,20,male,real/real-31.jpg
148,1,250,1,1,20,male,real/real-37.jpg
149,1,250,0,1,20,male,gan/gan-6.jpg
150,1,250,1,0,20,male,real/real-54.jpg
151,1,1000,0,1,19,female,gan/gan-27.jpg
152,1,1000,0,0,19,female,gan/gan-12.jpg
153,1,1000,1,0,19,female,real/real-9.jpg
154,1,1000,1,1,19,female,real/real-57.jpg
155,1,1000,1,1,19,female,real/real-27.jpg
156,1,1000,0,1,19,female,gan/gan-26.jpg
157,1,500,0,1,19,female,gan/gan-24.jpg
158,1,500,1,1,19,female,real/real-49.jpg
159,1,500,0,0,19,female,gan/gan-15.jpg
160,1,500,0,0,19,female,gan/gan-36.jpg
161,1,500,1,1,19,female,real/real-33.jpg
162,1,500,1,0,19,female,real/real-13.jpg
163,2,5000,1,1,20,male,real-blur/real-blur-15.jpg
164,2,5000,1,1,20,male,real-blur/real-blur-27.jpg
165,2,5000,0,0,20,male,gan-blur/gan-blur-37.jpg
166,2,5000,0,1,20,male,gan-blur/gan-blur-14.jpg
167,2,5000,0,1,20,male,gan-blur/gan-blur-11.jpg
168,2,5000,1,0,20,male,real-blur/real-blur-35.jpg
169,1,250,0,0,19,female,gan/gan-29.jpg
170,1,250,0,0,19,female,gan/gan-2.jpg
171,1,250,1,0,19,female,real/real-35.jpg
172,1,250,1,0,19,female,real/real-23.jpg
173,1,250,1,1,19,female,real/real-52.jpg
174,1,250,0,0,19,female,gan/gan-33.jpg
175,2,2000,1,1,20,male,real-blur/real-blur-66.jpg
176,2,2000,0,0,20,male,gan-blur/gan-blur-30.jpg
177,2,2000,1,0,20,male,real-blur/real-blur-58.jpg
178,2,2000,0,0,20,male,gan-blur/gan-blur-7.jpg
179,2,2000,0,1,20,male,gan-blur/gan-blur-19.jpg
180,2,2000,1,0,20,male,real-blur/real-blur-45.jpg
181,2,1000,0,0,20,male,gan-blur/gan-blur-24.jpg
182,2,1000,1,1,20,male,real-blur/real-blur-28.jpg
183,2,1000,1,0,20,male,real-blur/real-blur-59.jpg
184,2,1000,0,1,20,male,gan-blur/gan-blur-17.jpg
185,2,1000,0,1,20,male,gan-blur/gan-blur-25.jpg
186,2,1000,1,0,20,male,real-blur/real-blur-24.jpg
187,2,5000,1,1,19,female,real-blur/real-blur-67.jpg
188,2,5000,0,1,19,female,gan-blur/gan-blur-6.jpg
189,2,5000,0,0,19,female,gan-blur/gan-blur-32.jpg
190,2,5000,0,0,19,female,gan-blur/gan-blur-2.jpg
191,2,5000,1,1,19,female,real-blur/real-blur-30.jpg
192,2,5000,1,1,19,female,real-blur/real-blur-69.jpg
193,2,500,1,1,20,male,real-blur/real-blur-29.jpg
194,2,500,1,1,20,male,real-blur/real-blur-12.jpg
195,2,500,0,0,20,male,gan-blur/gan-blur-10.jpg
196,2,500,0,0,20,male,gan-blur/gan-blur-9.jpg
197,2,500,0,0,20,male,gan-blur/gan-blur-36.jpg
198,2,500,1,0,20,male,real-blur/real-blur-18.jpg
199,2,250,0,1,20,male,gan-blur/gan-blur-10.jpg
200,2,250,0,0,20,male,gan-blur/gan-blur-17.jpg
201,2,250,1,0,20,male,real-blur/real-blur-41.jpg
202,2,250,1,1,20,male,real-blur/real-blur-5.jpg
203,2,250,1,1,20,male,real-blur/real-blur-60.jpg
204,2,250,0,1,20,male,gan-blur/gan-blur-31.jpg
205,2,2000,0,1,19,female,gan-blur/gan-blur-4.jpg
206,2,2000,0,0,19,female,gan-blur/gan-blur-41.jpg
207,2,2000,1,0,19,female,real-blur/real-blur-57.jpg
208,2,2000,1,0,19,female,real-blur/real-blur-53.jpg
209,2,2000,0,0,19,female,gan-blur/gan-blur-3.jpg
210,2,2000,1,0,19,female,real-blur/real-blur-43.jpg
211,2,1000,1,1,19,female,real-blur/real-blur-66.jpg
212,2,1000,1,1,19,female,real-blur/real-blur-52.jpg
213,2,1000,0,1,19,female,gan-blur/gan-blur-16.jpg
214,2,1000,0,1,19,female,gan-blur/gan-blur-15.jpg
215,2,1000,1,1,19,female,real-blur/real-blur-11.jpg
216,2,1000,0,0,19,female,gan-blur/gan-blur-31.jpg
217,2,500,0,0,19,female,gan-blur/gan-blur-37.jpg
218,2,500,1,0,19,female,real-blur/real-blur-46.jpg
219,2,500,0,0,19,female,gan-blur/gan-blur-11.jpg
220,2,500,0,0,19,female,gan-blur/gan-blur-13.jpg
221,2,500,1,0,19,female,real-blur/real-blur-25.jpg
222,2,500,1,0,19,female,real-blur/real-blur-19.jpg
223,2,250,0,0,19,female,gan-blur/gan-blur-29.jpg
224,2,250,0,1,19,female,gan-blur/gan-blur-38.jpg
225,2,250,1,0,19,female,real-blur/real-blur-58.jpg
226,2,250,1,1,19,female,real-blur/real-blur-67.jpg
227,2,250,0,0,19,female,gan-blur/gan-blur-10.jpg
228,2,250,1,1,19,female,real-blur/real-blur-69.jpg
229,1,5000,0,0,19,male,gan/gan-31.jpg
230,1,5000,1,0,19,male,real/real-58.jpg
231,1,5000,1,1,19,male,real/real-56.jpg
232,1,5000,0,0,19,male,gan/gan-24.jpg
233,1,5000,0,0,19,male,gan/gan-20.jpg
234,1,5000,1,1,19,male,real/real-14.jpg
235,1,2000,1,1,19,male,real/real-8.jpg
236,1,2000,1,0,19,male,real/real-27.jpg
237,1,2000,0,0,19,male,gan/gan-21.jpg
238,1,2000,1,1,19,male,real/real-32.jpg
239,1,2000,0,0,19,male,gan/gan-3.jpg
240,1,2000,0,0,19,male,gan/gan-9.jpg
241,1,1000,1,0,19,male,real/real-37.jpg
242,1,1000,0,1,19,male,gan/gan-19.jpg
243,1,1000,1,1,19,male,real/real-5.jpg
244,1,1000,1,0,19,male,real/real-40.jpg
245,1,1000,0,1,19,male,gan/gan-28.jpg
246,1,1000,0,0,19,male,gan/gan-5.jpg
247,1,500,0,0,19,male,gan/gan-2.jpg
248,1,500,0,1,19,male,gan/gan-23.jpg
249,1,500,1,0,19,male,real/real-58.jpg
250,1,500,1,1,19,male,real/real-21.jpg
251,1,500,1,1,19,male,real/real-30.jpg
252,1,500,0,0,19,male,gan/gan-38.jpg
253,1,250,0,0,19,male,gan/gan-15.jpg
254,1,250,1,1,19,male,real/real-45.jpg
255,1,250,1,1,19,male,real/real-41.jpg
256,1,250,0,1,19,male,gan/gan-40.jpg
257,1,250,1,0,19,male,real/real-44.jpg
258,1,250,0,1,19,male,gan/gan-34.jpg
259,2,5000,1,1,19,male,real-blur/real-blur-37.jpg
260,2,5000,0,0,19,male,gan-blur/gan-blur-37.jpg
261,2,5000,1,1,19,male,real-blur/real-blur-63.jpg
262,2,5000,0,0,19,male,gan-blur/gan-blur-23.jpg
263,2,5000,0,0,19,male,gan-blur/gan-blur-40.jpg
264,2,5000,1,0,19,male,real-blur/real-blur-47.jpg
265,2,2000,1,1,19,male,real-blur/real-blur-62.jpg
266,2,2000,1,0,19,male,real-blur/real-blur-49.jpg
267,2,2000,1,1,19,male,real-blur/real-blur-44.jpg
268,2,2000,0,0,19,male,gan-blur/gan-blur-30.jpg
269,2,2000,0,1,19,male,gan-blur/gan-blur-27.jpg
270,2,2000,0,0,19,male,gan-blur/gan-blur-7.jpg
271,2,1000,1,1,19,male,real-blur/real-blur-17.jpg
272,2,1000,1,0,19,male,real-blur/real-blur-55.jpg
273,2,1000,0,0,19,male,gan-blur/gan-blur-5.jpg
274,2,1000,0,0,19,male,gan-blur/gan-blur-24.jpg
275,2,1000,0,1,19,male,gan-blur/gan-blur-38.jpg
276,2,1000,1,0,19,male,real-blur/real-blur-2.jpg
277,2,500,0,1,19,male,gan-blur/gan-blur-10.jpg
278,2,500,1,0,19,male,real-blur/real-blur-1.jpg
279,2,500,1,0,19,male,real-blur/real-blur-54.jpg
280,2,500,1,1,19,male,real-blur/real-blur-30.jpg
281,2,500,0,0,19,male,gan-blur/gan-blur-22.jpg
282,2,500,0,1,19,male,gan-blur/gan-blur-13.jpg
283,2,250,0,0,19,male,gan-blur/gan-blur-39.jpg
284,2,250,1,0,19,male,real-blur/real-blur-7.jpg
285,2,250,0,1,19,male,gan-blur/gan-blur-25.jpg
286,2,250,1,0,19,male,real-blur/real-blur-11.jpg
287,2,250,0,1,19,male,gan-blur/gan-blur-14.jpg
288,2,250,1,0,19,male,real-blur/real-blur-14.jpg
289,1,5000,0,1,19,female,gan/gan-28.jpg
290,1,5000,0,0,19,female,gan/gan-37.jpg
291,1,5000,1,1,19,female,real/real-56.jpg
292,1,5000,1,0,19,female,real/real-14.jpg
293,1,5000,1,1,19,female,real/real-17.jpg
294,1,5000,0,0,19,female,gan/gan-33.jpg
295,1,2000,1,1,19,female,real/real-38.jpg
296,1,2000,0,1,19,female,gan/gan-26.jpg
297,1,2000,1,1,19,female,real/real-2.jpg
298,1,2000,0,1,19,female,gan/gan-40.jpg
299,1,2000,1,1,19,female,real/real-46.jpg
300,1,2000,0,0,19,female,gan/gan-9.jpg
301,1,1000,1,1,19,female,real/real-48.jpg
302,1,1000,0,1,19,female,gan/gan-27.jpg
303,1,1000,0,0,19,female,gan/gan-25.jpg
304,1,1000,0,1,19,female,gan/gan-26.jpg
305,1,1000,1,0,19,female,real/real-11.jpg
306,1,1000,1,0,19,female,real/real-15.jpg
307,1,500,1,1,19,female,real/real-42.jpg
308,1,500,1,1,19,female,real/real-2.jpg
309,1,500,0,0,19,female,gan/gan-20.jpg
310,1,500,1,1,19,female,real/real-1.jpg
311,1,500,0,0,19,female,gan/gan-16.jpg
312,1,500,0,1,19,female,gan/gan-34.jpg
313,1,250,1,0,19,female,real/real-53.jpg
314,1,250,0,0,19,female,gan/gan-42.jpg
315,1,250,1,0,19,female,real/real-12.jpg
316,1,250,0,0,19,female,gan/gan-14.jpg
317,1,250,0,1,19,female,gan/gan-40.jpg
318,1,250,1,1,19,female,real/real-40.jpg
319,2,5000,0,0,19,female,gan-blur/gan-blur-26.jpg
320,2,5000,1,1,19,female,real-blur/real-blur-3.jpg
321,2,5000,0,0,19,female,gan-blur/gan-blur-37.jpg
322,2,5000,1,1,19,female,real-blur/real-blur-47.jpg
323,2,5000,0,0,19,female,gan-blur/gan-blur-25.jpg
324,2,5000,1,1,19,female,real-blur/real-blur-16.jpg
325,2,2000,0,0,19,female,gan-blur/gan-blur-35.jpg
326,2,2000,1,1,19,female,real-blur/real-blur-56.jpg
327,2,2000,0,1,19,female,gan-blur/gan-blur-22.jpg
328,2,2000,0,0,19,female,gan-blur/gan-blur-34.jpg
329,2,2000,1,1,19,female,real-blur/real-blur-53.jpg
330,2,2000,1,1,19,female,real-blur/real-blur-67.jpg
331,2,1000,0,0,19,female,gan-blur/gan-blur-24.jpg
332,2,1000,0,0,19,female,gan-blur/gan-blur-10.jpg
333,2,1000,1,1,19,female,real-blur/real-blur-38.jpg
334,2,1000,1,1,19,female,real-blur/real-blur-52.jpg
335,2,1000,1,1,19,female,real-blur/real-blur-2.jpg
336,2,1000,0,0,19,female,gan-blur/gan-blur-30.jpg
337,2,500,0,0,19,female,gan-blur/gan-blur-39.jpg
338,2,500,0,0,19,female,gan-blur/gan-blur-19.jpg
339,2,500,1,1,19,female,real-blur/real-blur-36.jpg
340,2,500,1,1,19,female,real-blur/real-blur-19.jpg
341,2,500,1,0,19,female,real-blur/real-blur-48.jpg
342,2,500,0,1,19,female,gan-blur/gan-blur-40.jpg
343,2,250,1,0,19,female,real-blur/real-blur-56.jpg
344,2,250,1,1,19,female,real-blur/real-blur-57.jpg
345,2,250,0,0,19,female,gan-blur/gan-blur-12.jpg
346,2,250,0,1,19,female,gan-blur/gan-blur-22.jpg
347,2,250,1,1,19,female,real-blur/real-blur-42.jpg
348,2,250,0,0,19,female,gan-blur/gan-blur-13.jpg
349,1,5000,0,0,21,female,gan/gan-41.jpg
350,1,5000,1,1,21,female,real/real-38.jpg
351,1,5000,0,0,21,female,gan/gan-3.jpg
352,1,5000,1,0,21,female,real/real-31.jpg
353,1,5000,0,0,21,female,gan/gan-31.jpg
354,1,5000,1,1,21,female,real/real-16.jpg
355,1,2000,1,1,21,female,real/real-38.jpg
356,1,2000,0,0,21,female,gan/gan-8.jpg
357,1,2000,1,0,21,female,real/real-1.jpg
358,1,2000,0,0,21,female,gan/gan-41.jpg
359,1,2000,1,0,21,female,real/real-26.jpg
360,1,2000,0,0,21,female,gan/gan-3.jpg
361,1,1000,1,0,21,female,real/real-43.jpg
362,1,1000,0,0,21,female,gan/gan-14.jpg
363,1,1000,1,1,21,female,real/real-18.jpg
364,1,1000,0,0,21,female,gan/gan-21.jpg
365,1,1000,1,1,21,female,real/real-21.jpg
366,1,1000,0,1,21,female,gan/gan-26.jpg
367,1,500,1,1,21,female,real/real-40.jpg
368,1,500,1,0,21,female,real/real-20.jpg
369,1,500,0,0,21,female,gan/gan-37.jpg
370,1,500,0,1,21,female,gan/gan-1.jpg
371,1,500,1,1,21,female,real/real-41.jpg
372,1,500,0,1,21,female,gan/gan-17.jpg
373,1,250,1,0,21,female,real/real-20.jpg
374,1,250,0,1,21,female,gan/gan-26.jpg
375,1,250,0,1,21,female,gan/gan-1.jpg
376,1,250,1,1,21,female,real/real-18.jpg
377,1,250,1,1,21,female,real/real-28.jpg
378,1,250,0,0,21,female,gan/gan-7.jpg
379,2,5000,0,0,21,female,gan-blur/gan-blur-4.jpg
380,2,5000,0,0,21,female,gan-blur/gan-blur-2.jpg
381,2,5000,1,1,21,female,real-blur/real-blur-10.jpg
382,2,5000,1,0,21,female,real-blur/real-blur-46.jpg
383,2,5000,1,1,21,female,real-blur/real-blur-14.jpg
384,2,5000,0,0,21,female,gan-blur/gan-blur-3.jpg
385,2,2000,0,0,21,female,gan-blur/gan-blur-19.jpg
386,2,2000,0,0,21,female,gan-blur/gan-blur-41.jpg
387,2,2000,1,1,21,female,real-blur/real-blur-21.jpg
388,2,2000,1,1,21,female,real-blur/real-blur-55.jpg
389,2,2000,1,0,21,female,real-blur/real-blur-27.jpg
390,2,2000,0,0,21,female,gan-blur/gan-blur-2.jpg
391,2,1000,1,1,21,female,real-blur/real-blur-63.jpg
392,2,1000,0,0,21,female,gan-blur/gan-blur-10.jpg
393,2,1000,1,1,21,female,real-blur/real-blur-1.jpg
394,2,1000,0,1,21,female,gan-blur/gan-blur-33.jpg
395,2,1000,0,0,21,female,gan-blur/gan-blur-38.jpg
396,2,1000,1,1,21,female,real-blur/real-blur-57.jpg
397,2,500,0,0,21,female,gan-blur/gan-blur-3.jpg
398,2,500,1,1,21,female,real-blur/real-blur-66.jpg
399,2,500,0,0,21,female,gan-blur/gan-blur-13.jpg
400,2,500,0,1,21,female,gan-blur/gan-blur-30.jpg
401,2,500,1,1,21,female,real-blur/real-blur-33.jpg
402,2,500,1,1,21,female,real-blur/real-blur-8.jpg
403,2,250,1,1,21,female,real-blur/real-blur-6.jpg
404,2,250,1,1,21,female,real-blur/real-blur-21.jpg
405,2,250,0,1,21,female,gan-blur/gan-blur-21.jpg
406,2,250,0,0,21,female,gan-blur/gan-blur-27.jpg
407,2,250,1,1,21,female,real-blur/real-blur-63.jpg
408,2,250,0,0,21,female,gan-blur/gan-blur-26.jpg
409,1,5000,1,1,21,male,real/real-58.jpg
410,1,5000,0,0,21,male,gan/gan-11.jpg
411,1,5000,1,1,21,male,real/real-16.jpg
412,1,5000,0,0,21,male,gan/gan-4.jpg
413,1,5000,1,1,21,male,real/real-36.jpg
414,1,5000,0,0,21,male,gan/gan-35.jpg
415,1,2000,0,0,21,male,gan/gan-23.jpg
416,1,2000,0,0,21,male,gan/gan-16.jpg
417,1,2000,0,1,21,male,gan/gan-39.jpg
418,1,2000,1,1,21,male,real/real-32.jpg
419,1,2000,1,1,21,male,real/real-50.jpg
420,1,2000,1,1,21,male,real/real-17.jpg
421,1,1000,0,0,21,male,gan/gan-16.jpg
422,1,1000,1,1,21,male,real/real-58.jpg
423,1,1000,0,0,21,male,gan/gan-18.jpg
424,1,1000,1,1,21,male,real/real-33.jpg
425,1,1000,1,1,21,male,real/real-32.jpg
426,1,1000,0,0,21,male,gan/gan-31.jpg
427,1,500,0,1,21,male,gan/gan-42.jpg
428,1,500,1,0,21,male,real/real-42.jpg
429,1,500,1,1,21,male,real/real-23.jpg
430,1,500,0,0,21,male,gan/gan-9.jpg
431,1,500,0,0,21,male,gan/gan-14.jpg
432,1,500,1,1,21,male,real/real-25.jpg
433,1,250,0,0,21,male,gan/gan-4.jpg
434,1,250,0,1,21,male,gan/gan-41.jpg
435,1,250,1,1,21,male,real/real-54.jpg
436,1,250,1,1,21,male,real/real-16.jpg
437,1,250,0,0,21,male,gan/gan-8.jpg
438,1,250,1,1,21,male,real/real-17.jpg
439,1,5000,1,1,19,female,real/real-35.jpg
440,1,5000,0,0,19,female,gan/gan-21.jpg
441,1,5000,0,0,19,female,gan/gan-16.jpg
442,1,5000,1,0,19,female,real/real-14.jpg
443,1,5000,1,0,19,female,real/real-36.jpg
444,1,5000,0,0,19,female,gan/gan-13.jpg
445,1,2000,1,1,19,female,real/real-12.jpg
446,1,2000,0,0,19,female,gan/gan-7.jpg
447,1,2000,1,0,19,female,real/real-15.jpg
448,1,2000,0,1,19,female,gan/gan-10.jpg
449,1,2000,0,0,19,female,gan/gan-37.jpg
450,1,2000,1,1,19,female,real/real-32.jpg
451,1,1000,1,0,19,female,real/real-20.jpg
452,1,1000,0,0,19,female,gan/gan-20.jpg
453,1,1000,0,0,19,female,gan/gan-8.jpg
454,1,1000,0,0,19,female,gan/gan-9.jpg
455,1,1000,1,0,19,female,real/real-51.jpg
456,1,1000,1,0,19,female,real/real-26.jpg
457,1,500,0,0,19,female,gan/gan-9.jpg
458,1,500,0,0,19,female,gan/gan-36.jpg
459,1,500,1,1,19,female,real/real-28.jpg
460,1,500,1,1,19,female,real/real-53.jpg
461,1,500,1,1,19,female,real/real-49.jpg
462,1,500,0,0,19,female,gan/gan-16.jpg
463,1,250,1,0,19,female,real/real-16.jpg
464,1,250,1,1,19,female,real/real-18.jpg
465,1,250,1,1,19,female,real/real-55.jpg
466,1,250,0,1,19,female,gan/gan-27.jpg
467,1,250,0,0,19,female,gan/gan-32.jpg
468,1,250,0,0,19,female,gan/gan-14.jpg
469,2,5000,1,1,19,female,real-blur/real-blur-23.jpg
470,2,5000,0,0,19,female,gan-blur/gan-blur-6.jpg
471,2,5000,0,0,19,female,gan-blur/gan-blur-32.jpg
472,2,5000,1,0,19,female,real-blur/real-blur-61.jpg
473,2,5000,0,1,19,female,gan-blur/gan-blur-16.jpg
474,2,5000,1,1,19,female,real-blur/real-blur-69.jpg
475,2,2000,1,0,19,female,real-blur/real-blur-44.jpg
476,2,2000,1,0,19,female,real-blur/real-blur-68.jpg
477,2,2000,0,1,19,female,gan-blur/gan-blur-20.jpg
478,2,2000,0,0,19,female,gan-blur/gan-blur-37.jpg
479,2,2000,0,0,19,female,gan-blur/gan-blur-4.jpg
480,2,2000,1,1,19,female,real-blur/real-blur-41.jpg
481,2,1000,1,0,19,female,real-blur/real-blur-20.jpg
482,2,1000,1,1,19,female,real-blur/real-blur-12.jpg
483,2,1000,1,1,19,female,real-blur/real-blur-38.jpg
484,2,1000,0,1,19,female,gan-blur/gan-blur-7.jpg
485,2,1000,0,0,19,female,gan-blur/gan-blur-24.jpg
486,2,1000,0,0,19,female,gan-blur/gan-blur-22.jpg
487,2,500,0,0,19,female,gan-blur/gan-blur-9.jpg
488,2,500,0,0,19,female,gan-blur/gan-blur-30.jpg
489,2,500,1,1,19,female,real-blur/real-blur-48.jpg
490,2,500,1,1,19,female,real-blur/real-blur-60.jpg
491,2,500,1,1,19,female,real-blur/real-blur-51.jpg
492,2,500,0,1,19,female,gan-blur/gan-blur-34.jpg
493,2,250,0,1,19,female,gan-blur/gan-blur-19.jpg
494,2,250,0,0,19,female,gan-blur/gan-blur-6.jpg
495,2,250,1,0,19,female,real-blur/real-blur-49.jpg
496,2,250,1,1,19,female,real-blur/real-blur-35.jpg
497,2,250,1,1,19,female,real-blur/real-blur-24.jpg
498,2,250,0,0,19,female,gan-blur/gan-blur-30.jpg
499,1,5000,1,1,25,male,real/real-57.jpg
500,1,5000,0,0,25,male,gan/gan-27.jpg
501,1,5000,0,0,25,male,gan/gan-38.jpg
502,1,5000,1,1,25,male,real/real-28.jpg
503,1,5000,1,1,25,male,real/real-58.jpg
504,1,5000,0,0,25,male,gan/gan-40.jpg
505,1,2000,0,1,25,male,gan/gan-26.jpg
506,1,2000,1,0,25,male,real/real-51.jpg
507,1,2000,0,0,25,male,gan/gan-1.jpg
508,1,2000,1,0,25,male,real/real-44.jpg
509,1,2000,1,1,25,male,real/real-47.jpg
510,1,2000,0,1,25,male,gan/gan-42.jpg
511,1,1000,1,1,25,male,real/real-17.jpg
512,1,1000,0,0,25,male,gan/gan-20.jpg
513,1,1000,0,0,25,male,gan/gan-27.jpg
514,1,1000,0,0,25,male,gan/gan-38.jpg
515,1,1000,1,1,25,male,real/real-16.jpg
516,1,1000,1,1,25,male,real/real-37.jpg
517,1,500,0,0,25,male,gan/gan-28.jpg
518,1,500,1,0,25,male,real/real-45.jpg
519,1,500,1,1,25,male,real/real-20.jpg
520,1,500,1,1,25,male,real/real-47.jpg
521,1,500,0,0,25,male,gan/gan-1.jpg
522,1,500,0,1,25,male,gan/gan-24.jpg
523,1,250,1,0,25,male,real/real-49.jpg
524,1,250,1,1,25,male,real/real-2.jpg
525,1,250,0,0,25,male,gan/gan-27.jpg
526,1,250,1,1,25,male,real/real-51.jpg
527,1,250,0,1,25,male,gan/gan-11.jpg
528,1,250,0,0,25,male,gan/gan-7.jpg
529,2,5000,1,1,25,male,real-blur/real-blur-10.jpg
530,2,5000,1,0,25,male,real-blur/real-blur-46.jpg
531,2,5000,0,0,25,male,gan-blur/gan-blur-37.jpg
532,2,5000,0,0,25,male,gan-blur/gan-blur-34.jpg
533,2,5000,0,0,25,male,gan-blur/gan-blur-41.jpg
534,2,5000,1,0,25,male,real-blur/real-blur-67.jpg
535,2,2000,1,0,25,male,real-blur/real-blur-21.jpg
536,2,2000,0,0,25,male,gan-blur/gan-blur-23.jpg
537,2,2000,0,1,25,male,gan-blur/gan-blur-32.jpg
538,2,2000,0,0,25,male,gan-blur/gan-blur-9.jpg
539,2,2000,1,0,25,male,real-blur/real-blur-1.jpg
540,2,2000,1,1,25,male,real-blur/real-blur-39.jpg
541,2,1000,1,1,25,male,real-blur/real-blur-17.jpg
542,2,1000,1,0,25,male,real-blur/real-blur-33.jpg
543,2,1000,0,1,25,male,gan-blur/gan-blur-8.jpg
544,2,1000,1,0,25,male,real-blur/real-blur-41.jpg
545,2,1000,0,1,25,male,gan-blur/gan-blur-19.jpg
546,2,1000,0,1,25,male,gan-blur/gan-blur-6.jpg
547,2,500,0,1,25,male,gan-blur/gan-blur-19.jpg
548,2,500,1,0,25,male,real-blur/real-blur-18.jpg
549,2,500,0,0,25,male,gan-blur/gan-blur-28.jpg
550,2,500,0,1,25,male,gan-blur/gan-blur-17.jpg
551,2,500,1,1,25,male,real-blur/real-blur-22.jpg
552,2,500,1,0,25,male,real-blur/real-blur-65.jpg
553,2,250,1,0,25,male,real-blur/real-blur-28.jpg
554,2,250,1,1,25,male,real-blur/real-blur-59.jpg
555,2,250,0,0,25,male,gan-blur/gan-blur-24.jpg
556,2,250,0,0,25,male,gan-blur/gan-blur-38.jpg
557,2,250,0,1,25,male,gan-blur/gan-blur-14.jpg
558,2,250,1,0,25,male,real-blur/real-blur-22.jpg
559,1,5000,0,1,20,female,gan/gan-11.jpg
560,1,5000,0,1,20,female,gan/gan-12.jpg
561,1,5000,0,0,20,female,gan/gan-7.jpg
562,1,5000,1,0,20,female,real/real-34.jpg
563,1,5000,1,0,20,female,real/real-51.jpg
564,1,5000,1,1,20,female,real/real-28.jpg
565,1,2000,1,0,20,female,real/real-24.jpg
566,1,2000,0,0,20,female,gan/gan-13.jpg
567,1,2000,0,1,20,female,gan/gan-27.jpg
568,1,2000,1,1,20,female,real/real-45.jpg
569,1,2000,1,1,20,female,real/real-11.jpg
570,1,2000,0,1,20,female,gan/gan-34.jpg
571,1,1000,1,1,20,female,real/real-33.jpg
572,1,1000,0,0,20,female,gan/gan-40.jpg
573,1,1000,0,0,20,female,gan/gan-36.jpg
574,1,1000,1,1,20,female,real/real-45.jpg
575,1,1000,0,1,20,female,gan/gan-26.jpg
576,1,1000,1,0,20,female,real/real-15.jpg
577,1,500,1,0,20,female,real/real-51.jpg
578,1,500,0,1,20,female,gan/gan-8.jpg
579,1,500,0,1,20,female,gan/gan-32.jpg
580,1,500,1,0,20,female,real/real-20.jpg
581,1,500,1,0,20,female,real/real-7.jpg
582,1,500,0,0,20,female,gan/gan-9.jpg
583,1,250,0,0,20,female,gan/gan-24.jpg
584,1,250,0,0,20,female,gan/gan-36.jpg
585,1,250,1,0,20,female,real/real-17.jpg
586,1,250,1,0,20,female,real/real-36.jpg
587,1,250,1,1,20,female,real/real-14.jpg
588,1,250,0,1,20,female,gan/gan-12.jpg
589,1,5000,1,0,21,female,real/real-10.jpg
590,1,5000,1,1,21,female,real/real-29.jpg
591,1,5000,0,1,21,female,gan/gan-28.jpg
592,1,5000,1,0,21,female,real/real-51.jpg
593,1,5000,0,0,21,female,gan/gan-32.jpg
594,1,5000,0,0,21,female,gan/gan-4.jpg
595,1,2000,1,1,21,female,real/real-45.jpg
596,1,2000,0,0,21,female,gan/gan-18.jpg
597,1,2000,1,0,21,female,real/real-26.jpg
598,1,2000,1,1,21,female,real/real-50.jpg
599,1,2000,0,1,21,female,gan/gan-28.jpg
600,1,2000,0,1,21,female,gan/gan-35.jpg
601,1,1000,1,0,21,female,real/real-51.jpg
602,1,1000,1,0,21,female,real/real-3.jpg
603,1,1000,0,0,21,female,gan/gan-9.jpg
604,1,1000,1,1,21,female,real/real-44.jpg
605,1,1000,0,0,21,female,gan/gan-37.jpg
606,1,1000,0,0,21,female,gan/gan-21.jpg
607,1,500,0,0,21,female,gan/gan-35.jpg
608,1,500,1,1,21,female,real/real-33.jpg
609,1,500,1,0,21,female,real/real-43.jpg
610,1,500,0,0,21,female,gan/gan-30.jpg
611,1,500,1,1,21,female,real/real-22.jpg
612,1,500,0,1,21,female,gan/gan-39.jpg
613,1,250,0,0,21,female,gan/gan-9.jpg
614,1,250,0,0,21,female,gan/gan-32.jpg
615,1,250,0,1,21,female,gan/gan-2.jpg
616,1,250,1,1,21,female,real/real-56.jpg
617,1,250,1,0,21,female,real/real-55.jpg
618,1,250,1,0,21,female,real/real-1.jpg
619,2,5000,1,1,21,female,real-blur/real-blur-37.jpg
620,2,5000,1,0,21,female,real-blur/real-blur-20.jpg
621,2,5000,0,1,21,female,gan-blur/gan-blur-17.jpg
622,2,5000,1,0,21,female,real-blur/real-blur-45.jpg
623,2,5000,0,0,21,female,gan-blur/gan-blur-40.jpg
624,2,5000,0,0,21,female,gan-blur/gan-blur-11.jpg
625,2,2000,0,1,21,female,gan-blur/gan-blur-19.jpg
626,2,2000,0,0,21,female,gan-blur/gan-blur-38.jpg
627,2,2000,1,1,21,female,real-blur/real-blur-15.jpg
628,2,2000,1,1,21,female,real-blur/real-blur-42.jpg
629,2,2000,1,1,21,female,real-blur/real-blur-69.jpg
630,2,2000,0,1,21,female,gan-blur/gan-blur-33.jpg
631,2,1000,0,0,21,female,gan-blur/gan-blur-9.jpg
632,2,1000,0,1,21,female,gan-blur/gan-blur-5.jpg
633,2,1000,1,1,21,female,real-blur/real-blur-47.jpg
634,2,1000,1,0,21,female,real-blur/real-blur-68.jpg
635,2,1000,0,1,21,female,gan-blur/gan-blur-34.jpg
636,2,1000,1,1,21,female,real-blur/real-blur-52.jpg
637,2,500,1,1,21,female,real-blur/real-blur-8.jpg
638,2,500,1,0,21,female,real-blur/real-blur-13.jpg
639,2,500,0,0,21,female,gan-blur/gan-blur-18.jpg
640,2,500,0,0,21,female,gan-blur/gan-blur-32.jpg
641,2,500,0,0,21,female,gan-blur/gan-blur-35.jpg
642,2,500,1,1,21,female,real-blur/real-blur-66.jpg
643,2,250,1,0,21,female,real-blur/real-blur-49.jpg
644,2,250,1,1,21,female,real-blur/real-blur-38.jpg
645,2,250,0,1,21,female,gan-blur/gan-blur-1.jpg
646,2,250,1,0,21,female,real-blur/real-blur-10.jpg
647,2,250,0,1,21,female,gan-blur/gan-blur-39.jpg
648,2,250,0,1,21,female,gan-blur/gan-blur-22.jpg
649,1,5000,1,1,21,male,real/real-50.jpg
650,1,5000,0,0,21,male,gan/gan-4.jpg
651,1,5000,1,1,21,male,real/real-46.jpg
652,1,5000,0,0,21,male,gan/gan-36.jpg
653,1,5000,1,0,21,male,real/real-10.jpg
654,1,5000,0,0,21,male,gan/gan-25.jpg
655,1,5000,0,1,18,male,gan/gan-12.jpg
656,1,5000,1,0,18,male,real/real-54.jpg
657,1,5000,0,0,18,male,gan/gan-42.jpg
658,1,5000,1,0,18,male,real/real-31.jpg
659,1,5000,1,0,18,male,real/real-23.jpg
660,1,5000,0,1,18,male,gan/gan-22.jpg
661,1,2000,0,0,21,male,gan/gan-36.jpg
662,1,2000,1,1,21,male,real/real-28.jpg
663,1,2000,1,0,21,male,real/real-40.jpg
664,1,2000,1,1,21,male,real/real-56.jpg
665,1,2000,0,0,21,male,gan/gan-21.jpg
666,1,2000,0,0,21,male,gan/gan-23.jpg
667,1,2000,0,0,21,male,gan/gan-36.jpg
668,1,2000,1,1,21,male,real/real-28.jpg
669,1,2000,1,0,21,male,real/real-40.jpg
670,1,2000,1,1,21,male,real/real-56.jpg
671,1,2000,0,0,21,male,gan/gan-21.jpg
672,1,2000,0,0,21,male,gan/gan-23.jpg
673,1,2000,0,1,18,male,gan/gan-13.jpg
674,1,2000,1,0,18,male,real/real-49.jpg
675,1,2000,1,0,18,male,real/real-54.jpg
676,1,2000,0,0,18,male,gan/gan-33.jpg
677,1,2000,0,1,18,male,gan/gan-3.jpg
678,1,2000,1,0,18,male,real/real-56.jpg
679,1,500,0,1,21,male,gan/gan-30.jpg
680,1,500,1,1,21,male,real/real-56.jpg
681,1,500,1,1,21,male,real/real-28.jpg
682,1,500,0,1,21,male,gan/gan-20.jpg
683,1,500,1,0,21,male,real/real-57.jpg
684,1,500,0,0,21,male,gan/gan-15.jpg
685,1,1000,0,1,18,male,gan/gan-35.jpg
686,1,1000,1,0,18,male,real/real-47.jpg
687,1,1000,1,1,18,male,real/real-18.jpg
688,1,1000,0,0,18,male,gan/gan-14.jpg
689,1,1000,0,1,18,male,gan/gan-28.jpg
690,1,1000,1,1,18,male,real/real-48.jpg
691,1,250,0,0,21,male,gan/gan-39.jpg
692,1,250,0,0,21,male,gan/gan-24.jpg
693,1,250,1,0,21,male,real/real-49.jpg
694,1,250,1,1,21,male,real/real-52.jpg
695,1,250,0,1,21,male,gan/gan-6.jpg
696,1,250,1,0,21,male,real/real-37.jpg
697,1,250,0,0,21,male,gan/gan-39.jpg
698,1,250,0,0,21,male,gan/gan-24.jpg
699,1,250,1,0,21,male,real/real-49.jpg
700,1,250,1,1,21,male,real/real-52.jpg
701,1,250,0,1,21,male,gan/gan-6.jpg
702,1,250,1,0,21,male,real/real-37.jpg
703,1,250,0,0,21,male,gan/gan-39.jpg
704,1,250,0,0,21,male,gan/gan-24.jpg
705,1,250,1,0,21,male,real/real-49.jpg
706,1,250,1,1,21,male,real/real-52.jpg
707,1,250,0,1,21,male,gan/gan-6.jpg
708,1,250,1,0,21,male,real/real-37.jpg
709,1,500,0,0,18,male,gan/gan-40.jpg
710,1,500,1,1,18,male,real/real-15.jpg
711,1,500,0,0,18,male,gan/gan-37.jpg
712,1,500,1,1,18,male,real/real-55.jpg
713,1,500,1,1,18,male,real/real-51.jpg
714,1,500,0,0,18,male,gan/gan-23.jpg
715,1,250,0,0,18,male,gan/gan-27.jpg
716,1,250,0,1,18,male,gan/gan-26.jpg
717,1,250,0,0,18,male,gan/gan-38.jpg
718,1,250,1,1,18,male,real/real-21.jpg
719,1,250,1,1,18,male,real/real-58.jpg
720,1,250,1,0,18,male,real/real-17.jpg
721,1,5000,1,1,18,male,real/real-45.jpg
722,1,5000,1,1,18,male,real/real-29.jpg
723,1,5000,0,0,18,male,gan/gan-17.jpg
724,1,5000,1,0,18,male,real/real-20.jpg
725,1,5000,0,0,18,male,gan/gan-26.jpg
726,1,5000,0,0,18,male,gan/gan-24.jpg
727,1,2000,0,0,18,male,gan/gan-19.jpg
728,1,2000,1,0,18,male,real/real-12.jpg
729,1,2000,0,1,18,male,gan/gan-15.jpg
730,1,2000,1,1,18,male,real/real-39.jpg
731,1,2000,0,1,18,male,gan/gan-42.jpg
732,1,2000,1,0,18,male,real/real-42.jpg
733,1,1000,0,1,18,male,gan/gan-33.jpg
734,1,1000,0,0,18,male,gan/gan-11.jpg
735,1,1000,1,0,18,male,real/real-32.jpg
736,1,1000,0,0,18,male,gan/gan-18.jpg
737,1,1000,1,1,18,male,real/real-24.jpg
738,1,1000,1,1,18,male,real/real-1.jpg
739,1,500,1,1,18,male,real/real-8.jpg
740,1,500,1,0,18,male,real/real-20.jpg
741,1,500,0,1,18,male,gan/gan-13.jpg
742,1,500,1,0,18,male,real/real-16.jpg
743,1,500,0,0,18,male,gan/gan-36.jpg
744,1,500,0,1,18,male,gan/gan-16.jpg
745,1,250,0,0,18,male,gan/gan-9.jpg
746,1,250,0,1,18,male,gan/gan-22.jpg
747,1,250,1,0,18,male,real/real-11.jpg
748,1,250,1,1,18,male,real/real-23.jpg
749,1,250,0,1,18,male,gan/gan-21.jpg
750,1,250,1,0,18,male,real/real-51.jpg
751,2,5000,0,1,18,male,gan-blur/gan-blur-5.jpg
752,2,5000,1,0,18,male,real-blur/real-blur-6.jpg
753,2,5000,1,0,18,male,real-blur/real-blur-67.jpg
754,2,5000,0,1,18,male,gan-blur/gan-blur-24.jpg
755,2,5000,0,0,18,male,gan-blur/gan-blur-7.jpg
756,2,5000,1,0,18,male,real-blur/real-blur-39.jpg
757,2,2000,1,1,18,male,real-blur/real-blur-25.jpg
758,2,2000,0,1,18,male,gan-blur/gan-blur-17.jpg
759,2,2000,1,1,18,male,real-blur/real-blur-6.jpg
760,2,2000,0,1,18,male,gan-blur/gan-blur-16.jpg
761,2,2000,0,0,18,male,gan-blur/gan-blur-4.jpg
762,2,2000,1,0,18,male,real-blur/real-blur-16.jpg
763,2,1000,1,0,18,male,real-blur/real-blur-46.jpg
764,2,1000,0,1,18,male,gan-blur/gan-blur-14.jpg
765,2,1000,1,0,18,male,real-blur/real-blur-52.jpg
766,2,1000,1,1,18,male,real-blur/real-blur-12.jpg
767,2,1000,0,0,18,male,gan-blur/gan-blur-18.jpg
768,2,1000,0,1,18,male,gan-blur/gan-blur-19.jpg
769,2,500,0,0,18,male,gan-blur/gan-blur-9.jpg
770,2,500,0,1,18,male,gan-blur/gan-blur-26.jpg
771,2,500,1,0,18,male,real-blur/real-blur-33.jpg
772,2,500,1,0,18,male,real-blur/real-blur-19.jpg
773,2,500,0,0,18,male,gan-blur/gan-blur-22.jpg
774,2,500,1,1,18,male,real-blur/real-blur-65.jpg
775,2,250,1,0,18,male,real-blur/real-blur-66.jpg
776,2,250,0,0,18,male,gan-blur/gan-blur-18.jpg
777,2,250,1,1,18,male,real-blur/real-blur-25.jpg
778,2,250,0,1,18,male,gan-blur/gan-blur-15.jpg
779,2,250,1,0,18,male,real-blur/real-blur-1.jpg
780,2,250,0,1,18,male,gan-blur/gan-blur-4.jpg
781,1,5000,1,1,20,female,real/real-5.jpg
782,1,5000,0,0,20,female,gan/gan-36.jpg
783,1,5000,1,0,20,female,real/real-58.jpg
784,1,5000,1,0,20,female,real/real-55.jpg
785,1,5000,0,1,20,female,gan/gan-10.jpg
786,1,5000,0,0,20,female,gan/gan-34.jpg
787,1,2000,0,1,20,female,gan/gan-38.jpg
788,1,2000,1,1,20,female,real/real-28.jpg
789,1,2000,1,0,20,female,real/real-45.jpg
790,1,2000,0,0,20,female,gan/gan-2.jpg
791,1,2000,1,1,20,female,real/real-16.jpg
792,1,2000,0,1,20,female,gan/gan-19.jpg
793,1,1000,1,0,20,female,real/real-38.jpg
794,1,1000,0,1,20,female,gan/gan-33.jpg
795,1,1000,0,0,20,female,gan/gan-30.jpg
796,1,1000,1,0,20,female,real/real-51.jpg
797,1,1000,0,1,20,female,gan/gan-22.jpg
798,1,1000,1,0,20,female,real/real-36.jpg
799,1,500,0,0,20,female,gan/gan-21.jpg
800,1,500,1,0,20,female,real/real-30.jpg
801,1,500,0,0,20,female,gan/gan-2.jpg
802,1,500,1,0,20,female,real/real-35.jpg
803,1,500,0,0,20,female,gan/gan-24.jpg
804,1,500,1,1,20,female,real/real-9.jpg
805,1,5000,1,0,18,female,real/real-32.jpg
806,1,5000,1,0,18,female,real/real-31.jpg
807,1,5000,0,0,18,female,gan/gan-8.jpg
808,1,5000,0,1,18,female,gan/gan-12.jpg
809,1,5000,0,0,18,female,gan/gan-2.jpg
810,1,5000,1,0,18,female,real/real-35.jpg
811,1,250,1,0,20,female,real/real-51.jpg
812,1,250,0,1,20,female,gan/gan-3.jpg
813,1,250,0,0,20,female,gan/gan-19.jpg
814,1,250,1,1,20,female,real/real-37.jpg
815,1,250,0,0,20,female,gan/gan-20.jpg
816,1,250,1,1,20,female,real/real-33.jpg
817,1,2000,0,0,18,female,gan/gan-27.jpg
818,1,2000,1,0,18,female,real/real-19.jpg
819,1,2000,1,1,18,female,real/real-44.jpg
820,1,2000,1,0,18,female,real/real-23.jpg
821,1,2000,0,0,18,female,gan/gan-2.jpg
822,1,2000,0,1,18,female,gan/gan-10.jpg
823,1,5000,0,0,21,male,gan/gan-38.jpg
824,1,5000,1,1,21,male,real/real-5.jpg
825,1,5000,0,1,21,male,gan/gan-15.jpg
826,1,5000,0,0,21,male,gan/gan-6.jpg
827,1,5000,1,1,21,male,real/real-14.jpg
828,1,5000,1,0,21,male,real/real-40.jpg
829,1,5000,0,1,20,male,gan/gan-31.jpg
830,1,5000,0,1,20,male,gan/gan-22.jpg
831,1,5000,0,0,20,male,gan/gan-14.jpg
832,1,5000,1,1,20,male,real/real-7.jpg
833,1,5000,1,0,20,male,real/real-56.jpg
834,1,5000,1,1,20,male,real/real-36.jpg
835,1,2000,0,0,20,male,gan/gan-23.jpg
836,1,2000,1,1,20,male,real/real-23.jpg
837,1,2000,1,1,20,male,real/real-28.jpg
838,1,2000,0,0,20,male,gan/gan-30.jpg
839,1,2000,0,1,20,male,gan/gan-39.jpg
840,1,2000,1,0,20,male,real/real-1.jpg
841,1,5000,0,0,18,female,gan/gan-30.jpg
842,1,5000,0,1,18,female,gan/gan-5.jpg
843,1,5000,1,0,18,female,real/real-30.jpg
844,1,5000,1,1,18,female,real/real-12.jpg
845,1,5000,0,0,18,female,gan/gan-20.jpg
846,1,5000,1,1,18,female,real/real-1.jpg
847,1,1000,0,0,20,male,gan/gan-37.jpg
848,1,1000,0,0,20,male,gan/gan-4.jpg
849,1,1000,1,1,20,male,real/real-27.jpg
850,1,1000,1,1,20,male,real/real-3.jpg
851,1,1000,0,1,20,male,gan/gan-17.jpg
852,1,1000,1,1,20,male,real/real-49.jpg
853,1,500,0,0,20,male,gan/gan-23.jpg
854,1,500,1,1,20,male,real/real-33.jpg
855,1,500,1,1,20,male,real/real-20.jpg
856,1,500,0,0,20,male,gan/gan-36.jpg
857,1,500,0,0,20,male,gan/gan-29.jpg
858,1,500,1,1,20,male,real/real-49.jpg
859,1,2000,1,0,18,female,real/real-11.jpg
860,1,2000,0,0,18,female,gan/gan-38.jpg
861,1,2000,0,1,18,female,gan/gan-40.jpg
862,1,2000,1,1,18,female,real/real-44.jpg
863,1,2000,1,0,18,female,real/real-31.jpg
864,1,2000,0,0,18,female,gan/gan-39.jpg
865,1,250,0,0,20,male,gan/gan-9.jpg
866,1,250,1,0,20,male,real/real-20.jpg
867,1,250,1,1,20,male,real/real-3.jpg
868,1,250,1,1,20,male,real/real-49.jpg
869,1,250,0,0,20,male,gan/gan-35.jpg
870,1,250,0,1,20,male,gan/gan-21.jpg
871,1,1000,0,1,18,female,gan/gan-5.jpg
872,1,1000,0,0,18,female,gan/gan-18.jpg
873,1,1000,1,1,18,female,real/real-34.jpg
874,1,1000,1,0,18,female,real/real-5.jpg
875,1,1000,0,0,18,female,gan/gan-23.jpg
876,1,1000,1,1,18,female,real/real-8.jpg
877,1,500,0,1,18,female,gan/gan-4.jpg
878,1,500,0,1,18,female,gan/gan-20.jpg
879,1,500,0,0,18,female,gan/gan-31.jpg
880,1,500,1,1,18,female,real/real-52.jpg
881,1,500,1,1,18,female,real/real-26.jpg
882,1,500,1,0,18,female,real/real-55.jpg
883,1,250,0,1,18,female,gan/gan-16.jpg
884,1,250,1,1,18,female,real/real-33.jpg
885,1,250,0,0,18,female,gan/gan-3.jpg
886,1,250,0,0,18,female,gan/gan-40.jpg
887,1,250,1,1,18,female,real/real-26.jpg
888,1,250,1,0,18,female,real/real-31.jpg
889,1,250,0,1,18,female,gan/gan-16.jpg
890,1,250,1,1,18,female,real/real-33.jpg
891,1,250,0,0,18,female,gan/gan-3.jpg
892,1,250,0,0,18,female,gan/gan-40.jpg
893,1,250,1,1,18,female,real/real-26.jpg
894,1,250,1,0,18,female,real/real-31.jpg
895,1,5000,1,0,28,male,real/real-47.jpg
896,1,5000,1,0,28,male,real/real-7.jpg
897,1,5000,0,1,28,male,gan/gan-11.jpg
898,1,5000,0,0,28,male,gan/gan-20.jpg
899,1,5000,1,1,28,male,real/real-55.jpg
900,1,5000,0,0,28,male,gan/gan-18.jpg
901,1,2000,1,1,28,male,real/real-31.jpg
902,1,2000,1,0,28,male,real/real-9.jpg
903,1,2000,0,1,28,male,gan/gan-5.jpg
904,1,2000,1,1,28,male,real/real-38.jpg
905,1,2000,0,0,28,male,gan/gan-24.jpg
906,1,2000,0,1,28,male,gan/gan-4.jpg
907,1,1000,1,1,28,male,real/real-23.jpg
908,1,1000,0,0,28,male,gan/gan-25.jpg
909,1,1000,1,0,28,male,real/real-30.jpg
910,1,1000,1,1,28,male,real/real-44.jpg
911,1,1000,0,0,28,male,gan/gan-14.jpg
912,1,1000,0,0,28,male,gan/gan-37.jpg
913,1,5000,0,0,20,female,gan/gan-37.jpg
914,1,5000,1,0,20,female,real/real-15.jpg
915,1,5000,0,1,20,female,gan/gan-28.jpg
916,1,5000,0,0,20,female,gan/gan-35.jpg
917,1,5000,1,1,20,female,real/real-28.jpg
918,1,5000,1,1,20,female,real/real-24.jpg
919,1,2000,0,0,20,female,gan/gan-11.jpg
920,1,2000,0,0,20,female,gan/gan-37.jpg
921,1,2000,0,1,20,female,gan/gan-17.jpg
922,1,2000,1,1,20,female,real/real-29.jpg
923,1,2000,1,1,20,female,real/real-50.jpg
924,1,2000,1,1,20,female,real/real-46.jpg
925,1,500,0,1,28,male,gan/gan-16.jpg
926,1,500,0,0,28,male,gan/gan-3.jpg
927,1,500,1,0,28,male,real/real-29.jpg
928,1,500,1,0,28,male,real/real-50.jpg
929,1,500,1,0,28,male,real/real-47.jpg
930,1,500,0,0,28,male,gan/gan-23.jpg
931,1,1000,1,0,20,female,real/real-10.jpg
932,1,1000,0,0,20,female,gan/gan-21.jpg
933,1,1000,0,1,20,female,gan/gan-22.jpg
934,1,1000,1,0,20,female,real/real-15.jpg
935,1,1000,1,1,20,female,real/real-48.jpg
936,1,1000,0,0,20,female,gan/gan-9.jpg
937,1,250,1,0,28,male,real/real-55.jpg
938,1,250,0,1,28,male,gan/gan-13.jpg
939,1,250,0,0,28,male,gan/gan-14.jpg
940,1,250,0,0,28,male,gan/gan-3.jpg
941,1,250,1,0,28,male,real/real-57.jpg
942,1,250,1,1,28,male,real/real-39.jpg
943,1,500,1,0,20,female,real/real-36.jpg
944,1,500,1,0,20,female,real/real-35.jpg
945,1,500,0,0,20,female,gan/gan-24.jpg
946,1,500,0,1,20,female,gan/gan-17.jpg
947,1,500,0,1,20,female,gan/gan-32.jpg
948,1,500,1,0,20,female,real/real-28.jpg
949,1,250,1,1,20,female,real/real-34.jpg
950,1,250,1,0,20,female,real/real-35.jpg
951,1,250,0,1,20,female,gan/gan-16.jpg
952,1,250,0,0,20,female,gan/gan-28.jpg
953,1,250,0,1,20,female,gan/gan-3.jpg
954,1,250,1,0,20,female,real/real-57.jpg
955,1,5000,1,0,18,female,real/real-32.jpg
956,1,5000,1,0,18,female,real/real-4.jpg
957,1,5000,0,0,18,female,gan/gan-23.jpg
958,1,5000,1,1,18,female,real/real-30.jpg
959,1,5000,0,0,18,female,gan/gan-24.jpg
960,1,5000,0,1,18,female,gan/gan-12.jpg
961,1,2000,0,1,18,female,gan/gan-17.jpg
962,1,2000,0,0,18,female,gan/gan-24.jpg
963,1,2000,1,1,18,female,real/real-24.jpg
964,1,2000,1,1,18,female,real/real-23.jpg
965,1,2000,1,1,18,female,real/real-30.jpg
966,1,2000,0,1,18,female,gan/gan-41.jpg
967,2,5000,1,1,28,male,real-blur/real-blur-41.jpg
968,2,5000,0,0,28,male,gan-blur/gan-blur-3.jpg
969,2,5000,0,0,28,male,gan-blur/gan-blur-12.jpg
970,2,5000,0,0,28,male,gan-blur/gan-blur-20.jpg
971,2,5000,1,1,28,male,real-blur/real-blur-56.jpg
972,2,5000,1,1,28,male,real-blur/real-blur-17.jpg
973,1,1000,1,0,18,female,real/real-32.jpg
974,1,1000,0,0,18,female,gan/gan-36.jpg
975,1,1000,0,0,18,female,gan/gan-16.jpg
976,1,1000,1,1,18,female,real/real-54.jpg
977,1,1000,0,0,18,female,gan/gan-19.jpg
978,1,1000,1,1,18,female,real/real-30.jpg
979,2,2000,0,1,28,male,gan-blur/gan-blur-1.jpg
980,2,2000,1,1,28,male,real-blur/real-blur-23.jpg
981,2,2000,0,0,28,male,gan-blur/gan-blur-35.jpg
982,2,2000,1,1,28,male,real-blur/real-blur-56.jpg
983,2,2000,0,0,28,male,gan-blur/gan-blur-41.jpg
984,2,2000,1,0,28,male,real-blur/real-blur-32.jpg
985,1,500,1,1,18,female,real/real-6.jpg
986,1,500,0,0,18,female,gan/gan-16.jpg
987,1,500,1,0,18,female,real/real-11.jpg
988,1,500,1,1,18,female,real/real-23.jpg
989,1,500,0,1,18,female,gan/gan-5.jpg
990,1,500,0,1,18,female,gan/gan-20.jpg
991,1,250,0,1,18,female,gan/gan-25.jpg
992,1,250,0,1,18,female,gan/gan-1.jpg
993,1,250,0,0,18,female,gan/gan-17.jpg
994,1,250,1,1,18,female,real/real-43.jpg
995,1,250,1,0,18,female,real/real-6.jpg
996,1,250,1,0,18,female,real/real-20.jpg
997,2,5000,0,0,18,female,gan-blur/gan-blur-41.jpg
998,2,5000,1,0,18,female,real-blur/real-blur-25.jpg
999,2,5000,0,1,18,female,gan-blur/gan-blur-20.jpg
1000,2,5000,0,1,18,female,gan-blur/gan-blur-15.jpg
1001,2,5000,1,1,18,female,real-blur/real-blur-60.jpg
1002,2,5000,1,1,18,female,real-blur/real-blur-19.jpg
1003,2,2000,0,0,18,female,gan-blur/gan-blur-9.jpg
1004,2,2000,0,0,18,female,gan-blur/gan-blur-34.jpg
1005,2,2000,0,0,18,female,gan-blur/gan-blur-29.jpg
1006,2,2000,1,0,18,female,real-blur/real-blur-64.jpg
1007,2,2000,1,1,18,female,real-blur/real-blur-10.jpg
1008,2,2000,1,1,18,female,real-blur/real-blur-62.jpg
1009,2,1000,1,0,28,male,real-blur/real-blur-18.jpg
1010,2,1000,0,0,28,male,gan-blur/gan-blur-13.jpg
1011,2,1000,0,0,28,male,gan-blur/gan-blur-20.jpg
1012,2,1000,0,0,28,male,gan-blur/gan-blur-38.jpg
1013,2,1000,1,0,28,male,real-blur/real-blur-8.jpg
1014,2,1000,1,1,28,male,real-blur/real-blur-69.jpg
1015,2,1000,1,1,18,female,real-blur/real-blur-47.jpg
1016,2,1000,0,1,18,female,gan-blur/gan-blur-20.jpg
1017,2,1000,1,1,18,female,real-blur/real-blur-41.jpg
1018,2,1000,0,1,18,female,gan-blur/gan-blur-34.jpg
1019,2,1000,0,1,18,female,gan-blur/gan-blur-18.jpg
1020,2,1000,1,1,18,female,real-blur/real-blur-22.jpg
1021,2,500,1,1,28,male,real-blur/real-blur-61.jpg
1022,2,500,0,0,28,male,gan-blur/gan-blur-39.jpg
1023,2,500,1,0,28,male,real-blur/real-blur-6.jpg
1024,2,500,1,1,28,male,real-blur/real-blur-7.jpg
1025,2,500,0,0,28,male,gan-blur/gan-blur-14.jpg
1026,2,500,0,0,28,male,gan-blur/gan-blur-6.jpg
1027,1,5000,1,1,93,male,real/real-41.jpg
1028,1,5000,0,0,93,male,gan/gan-9.jpg
1029,1,5000,0,1,93,male,gan/gan-39.jpg
1030,1,5000,1,0,93,male,real/real-52.jpg
1031,1,5000,1,0,93,male,real/real-36.jpg
1032,1,5000,0,0,93,male,gan/gan-35.jpg
1033,2,500,0,1,18,female,gan-blur/gan-blur-26.jpg
1034,2,500,0,0,18,female,gan-blur/gan-blur-25.jpg
1035,2,500,1,0,18,female,real-blur/real-blur-6.jpg
1036,2,500,1,1,18,female,real-blur/real-blur-15.jpg
1037,2,500,0,0,18,female,gan-blur/gan-blur-6.jpg
1038,2,500,1,1,18,female,real-blur/real-blur-59.jpg
1039,1,2000,1,1,93,male,real/real-32.jpg
1040,1,2000,0,1,93,male,gan/gan-27.jpg
1041,1,2000,0,0,93,male,gan/gan-13.jpg
1042,1,2000,0,0,93,male,gan/gan-6.jpg
1043,1,2000,1,1,93,male,real/real-12.jpg
1044,1,2000,1,1,93,male,real/real-17.jpg
1045,2,250,1,1,18,female,real-blur/real-blur-63.jpg
1046,2,250,0,1,18,female,gan-blur/gan-blur-1.jpg
1047,2,250,0,0,18,female,gan-blur/gan-blur-40.jpg
1048,2,250,1,0,18,female,real-blur/real-blur-14.jpg
1049,2,250,0,0,18,female,gan-blur/gan-blur-23.jpg
1050,2,250,1,1,18,female,real-blur/real-blur-11.jpg
1051,1,1000,0,0,93,male,gan/gan-38.jpg
1052,1,1000,0,1,93,male,gan/gan-1.jpg
1053,1,1000,1,0,93,male,real/real-29.jpg
1054,1,1000,1,1,93,male,real/real-43.jpg
1055,1,1000,0,1,93,male,gan/gan-29.jpg
1056,1,1000,1,0,93,male,real/real-52.jpg
1057,1,500,0,0,93,male,gan/gan-4.jpg
1058,1,500,1,1,93,male,real/real-20.jpg
1059,1,500,0,1,93,male,gan/gan-35.jpg
1060,1,500,1,1,93,male,real/real-9.jpg
1061,1,500,0,0,93,male,gan/gan-28.jpg
1062,1,500,1,1,93,male,real/real-30.jpg
1063,1,250,0,0,93,male,gan/gan-39.jpg
1064,1,250,1,1,93,male,real/real-35.jpg
1065,1,250,1,1,93,male,real/real-50.jpg
1066,1,250,0,1,93,male,gan/gan-40.jpg
1067,1,250,1,0,93,male,real/real-21.jpg
1068,1,250,0,1,93,male,gan/gan-17.jpg
1069,2,5000,0,0,93,male,gan-blur/gan-blur-27.jpg
1070,2,5000,1,1,93,male,real-blur/real-blur-37.jpg
1071,2,5000,0,0,93,male,gan-blur/gan-blur-33.jpg
1072,2,5000,1,1,93,male,real-blur/real-blur-43.jpg
1073,2,5000,1,1,93,male,real-blur/real-blur-16.jpg
1074,2,5000,0,0,93,male,gan-blur/gan-blur-23.jpg
1075,2,250,0,0,28,male,gan-blur/gan-blur-23.jpg
1076,2,250,1,0,28,male,real-blur/real-blur-30.jpg
1077,2,250,0,0,28,male,gan-blur/gan-blur-27.jpg
1078,2,250,1,1,28,male,real-blur/real-blur-14.jpg
1079,2,250,1,1,28,male,real-blur/real-blur-1.jpg
1080,2,250,0,0,28,male,gan-blur/gan-blur-15.jpg
1081,2,2000,1,1,93,male,real-blur/real-blur-57.jpg
1082,2,2000,0,0,93,male,gan-blur/gan-blur-3.jpg
1083,2,2000,1,0,93,male,real-blur/real-blur-28.jpg
1084,2,2000,0,1,93,male,gan-blur/gan-blur-32.jpg
1085,2,2000,1,1,93,male,real-blur/real-blur-64.jpg
1086,2,2000,0,0,93,male,gan-blur/gan-blur-15.jpg
1087,2,1000,1,1,93,male,real-blur/real-blur-47.jpg
1088,2,1000,0,0,93,male,gan-blur/gan-blur-20.jpg
1089,2,1000,1,1,93,male,real-blur/real-blur-24.jpg
1090,2,1000,0,0,93,male,gan-blur/gan-blur-32.jpg
1091,2,1000,1,1,93,male,real-blur/real-blur-54.jpg
1092,2,1000,0,0,93,male,gan-blur/gan-blur-29.jpg
1093,2,500,0,1,93,male,gan-blur/gan-blur-21.jpg
1094,2,500,1,0,93,male,real-blur/real-blur-40.jpg
1095,2,500,0,0,93,male,gan-blur/gan-blur-24.jpg
1096,2,500,1,1,93,male,real-blur/real-blur-36.jpg
1097,2,500,0,1,93,male,gan-blur/gan-blur-34.jpg
1098,2,500,1,1,93,male,real-blur/real-blur-24.jpg
1099,2,250,1,1,93,male,real-blur/real-blur-15.jpg
1100,2,250,1,1,93,male,real-blur/real-blur-48.jpg
1101,2,250,1,1,93,male,real-blur/real-blur-41.jpg
1102,2,250,0,1,93,male,gan-blur/gan-blur-29.jpg
1103,2,250,0,1,93,male,gan-blur/gan-blur-5.jpg
1104,2,250,0,1,93,male,gan-blur/gan-blur-4.jpg
1105,1,5000,1,1,18,male,real/real-42.jpg
1106,1,5000,0,0,18,male,gan/gan-42.jpg
1107,1,5000,0,0,18,male,gan/gan-36.jpg
1108,1,5000,1,1,18,male,real/real-1.jpg
1109,1,5000,0,1,18,male,gan/gan-28.jpg
1110,1,5000,1,1,18,male,real/real-20.jpg
1111,1,2000,1,1,18,male,real/real-1.jpg
1112,1,2000,1,0,18,male,real/real-36.jpg
1113,1,2000,0,0,18,male,gan/gan-23.jpg
1114,1,2000,0,0,18,male,gan/gan-8.jpg
1115,1,2000,0,0,18,male,gan/gan-29.jpg
1116,1,2000,1,1,18,male,real/real-39.jpg
1117,1,1000,1,1,18,male,real/real-23.jpg
1118,1,1000,1,0,18,male,real/real-51.jpg
1119,1,1000,0,0,18,male,gan/gan-36.jpg
1120,1,1000,0,0,18,male,gan/gan-9.jpg
1121,1,1000,1,1,18,male,real/real-28.jpg
1122,1,1000,0,0,18,male,gan/gan-2.jpg
1123,1,5000,1,1,21,female,real/real-16.jpg
1124,1,5000,0,0,21,female,gan/gan-25.jpg
1125,1,5000,1,0,21,female,real/real-5.jpg
1126,1,5000,1,1,21,female,real/real-33.jpg
1127,1,5000,0,0,21,female,gan/gan-34.jpg
1128,1,5000,0,0,21,female,gan/gan-35.jpg
1129,1,2000,0,0,21,female,gan/gan-32.jpg
1130,1,2000,0,1,21,female,gan/gan-11.jpg
1131,1,2000,1,1,21,female,real/real-41.jpg
1132,1,2000,1,1,21,female,real/real-21.jpg
1133,1,2000,0,0,21,female,gan/gan-3.jpg
1134,1,2000,1,1,21,female,real/real-39.jpg
1135,1,1000,0,0,21,female,gan/gan-24.jpg
1136,1,1000,0,0,21,female,gan/gan-16.jpg
1137,1,1000,1,1,21,female,real/real-43.jpg
1138,1,1000,1,1,21,female,real/real-28.jpg
1139,1,1000,0,0,21,female,gan/gan-26.jpg
1140,1,1000,1,1,21,female,real/real-18.jpg
1141,1,500,0,0,21,female,gan/gan-37.jpg
1142,1,500,1,0,21,female,real/real-14.jpg
1143,1,500,1,1,21,female,real/real-33.jpg
1144,1,500,1,1,21,female,real/real-10.jpg
1145,1,500,0,0,21,female,gan/gan-24.jpg
1146,1,500,0,0,21,female,gan/gan-7.jpg
1147,1,250,1,1,21,female,real/real-40.jpg
1148,1,250,0,0,21,female,gan/gan-28.jpg
1149,1,250,1,1,21,female,real/real-58.jpg
1150,1,250,0,0,21,female,gan/gan-23.jpg
1151,1,250,1,0,21,female,real/real-4.jpg
1152,1,250,0,0,21,female,gan/gan-7.jpg
1153,1,5000,0,0,19,female,gan/gan-23.jpg
1154,1,5000,1,1,19,female,real/real-17.jpg
1155,1,5000,1,1,19,female,real/real-50.jpg
1156,1,5000,1,0,19,female,real/real-51.jpg
1157,1,5000,0,0,19,female,gan/gan-31.jpg
1158,1,5000,0,0,19,female,gan/gan-41.jpg
1159,1,2000,1,1,19,female,real/real-39.jpg
1160,1,2000,0,0,19,female,gan/gan-20.jpg
1161,1,2000,1,1,19,female,real/real-32.jpg
1162,1,2000,0,1,19,female,gan/gan-7.jpg
1163,1,2000,0,0,19,female,gan/gan-19.jpg
1164,1,2000,1,0,19,female,real/real-57.jpg
1165,1,1000,1,0,19,female,real/real-55.jpg
1166,1,1000,0,1,19,female,gan/gan-10.jpg
1167,1,1000,0,0,19,female,gan/gan-11.jpg
1168,1,1000,1,1,19,female,real/real-36.jpg
1169,1,1000,0,0,19,female,gan/gan-12.jpg
1170,1,1000,1,1,19,female,real/real-42.jpg
1171,1,500,1,1,19,female,real/real-39.jpg
1172,1,500,0,0,19,female,gan/gan-35.jpg
1173,1,500,1,1,19,female,real/real-25.jpg
1174,1,500,0,0,19,female,gan/gan-36.jpg
1175,1,500,0,0,19,female,gan/gan-16.jpg
1176,1,500,1,1,19,female,real/real-3.jpg
1177,1,250,0,0,19,female,gan/gan-22.jpg
1178,1,250,1,1,19,female,real/real-25.jpg
1179,1,250,0,0,19,female,gan/gan-29.jpg
1180,1,250,1,1,19,female,real/real-11.jpg
1181,1,250,0,1,19,female,gan/gan-34.jpg
1182,1,250,1,1,19,female,real/real-22.jpg
1183,2,5000,1,0,19,female,real-blur/real-blur-47.jpg
1184,2,5000,1,1,19,female,real-blur/real-blur-13.jpg
1185,2,5000,0,0,19,female,gan-blur/gan-blur-41.jpg
1186,2,5000,0,0,19,female,gan-blur/gan-blur-24.jpg
1187,2,5000,0,1,19,female,gan-blur/gan-blur-3.jpg
1188,2,5000,1,1,19,female,real-blur/real-blur-28.jpg
1189,1,5000,0,1,21,female,gan/gan-10.jpg
1190,1,5000,1,1,21,female,real/real-20.jpg
1191,1,5000,1,0,21,female,real/real-30.jpg
1192,1,5000,1,1,21,female,real/real-39.jpg
1193,1,5000,0,1,21,female,gan/gan-15.jpg
1194,1,5000,0,0,21,female,gan/gan-19.jpg
1195,1,2000,0,1,21,female,gan/gan-34.jpg
1196,1,2000,0,1,21,female,gan/gan-8.jpg
1197,1,2000,1,0,21,female,real/real-55.jpg
1198,1,2000,0,0,21,female,gan/gan-35.jpg
1199,1,2000,1,0,21,female,real/real-6.jpg
1200,1,2000,1,0,21,female,real/real-49.jpg
1201,1,1000,0,0,21,female,gan/gan-28.jpg
1202,1,1000,0,0,21,female,gan/gan-19.jpg
1203,1,1000,1,1,21,female,real/real-56.jpg
1204,1,1000,0,1,21,female,gan/gan-20.jpg
1205,1,1000,1,0,21,female,real/real-6.jpg
1206,1,1000,1,1,21,female,real/real-2.jpg
1207,1,500,0,1,21,female,gan/gan-13.jpg
1208,1,500,1,0,21,female,real/real-45.jpg
1209,1,500,1,0,21,female,real/real-24.jpg
1210,1,500,0,0,21,female,gan/gan-5.jpg
1211,1,500,1,1,21,female,real/real-53.jpg
1212,1,500,0,0,21,female,gan/gan-28.jpg
1213,1,250,1,1,21,female,real/real-58.jpg
1214,1,250,1,0,21,female,real/real-38.jpg
1215,1,250,0,0,21,female,gan/gan-19.jpg
1216,1,250,1,1,21,female,real/real-19.jpg
1217,1,250,0,0,21,female,gan/gan-29.jpg
1218,1,250,0,0,21,female,gan/gan-9.jpg
1219,1,5000,1,1,18,female,real/real-56.jpg
1220,1,5000,0,0,18,female,gan/gan-37.jpg
1221,1,5000,1,0,18,female,real/real-18.jpg
1222,1,5000,1,0,18,female,real/real-4.jpg
1223,1,5000,0,1,18,female,gan/gan-11.jpg
1224,1,5000,0,0,18,female,gan/gan-5.jpg
1225,1,2000,1,0,18,female,real/real-2.jpg
1226,1,2000,1,0,18,female,real/real-55.jpg
1227,1,2000,1,0,18,female,real/real-31.jpg
1228,1,2000,0,0,18,female,gan/gan-38.jpg
1229,1,2000,0,1,18,female,gan/gan-10.jpg
1230,1,2000,0,0,18,female,gan/gan-25.jpg
1231,1,1000,0,1,18,female,gan/gan-10.jpg
1232,1,1000,0,0,18,female,gan/gan-39.jpg
1233,1,1000,0,1,18,female,gan/gan-27.jpg
1234,1,1000,1,0,18,female,real/real-51.jpg
1235,1,1000,1,0,18,female,real/real-15.jpg
1236,1,1000,1,0,18,female,real/real-13.jpg
1237,1,500,0,1,18,female,gan/gan-40.jpg
1238,1,500,1,0,18,female,real/real-22.jpg
1239,1,500,1,0,18,female,real/real-21.jpg
1240,1,500,1,1,18,female,real/real-57.jpg
1241,1,500,0,0,18,female,gan/gan-30.jpg
1242,1,500,0,0,18,female,gan/gan-6.jpg
1243,1,250,1,0,18,female,real/real-36.jpg
1244,1,250,1,0,18,female,real/real-40.jpg
1245,1,250,0,1,18,female,gan/gan-13.jpg
1246,1,250,0,1,18,female,gan/gan-40.jpg
1247,1,250,0,0,18,female,gan/gan-1.jpg
1248,1,250,1,1,18,female,real/real-33.jpg
1249,2,5000,1,1,18,female,real-blur/real-blur-40.jpg
1250,2,5000,0,0,18,female,gan-blur/gan-blur-36.jpg
1251,2,5000,1,0,18,female,real-blur/real-blur-18.jpg
1252,2,5000,0,1,18,female,gan-blur/gan-blur-34.jpg
1253,2,5000,1,0,18,female,real-blur/real-blur-1.jpg
1254,2,5000,0,1,18,female,gan-blur/gan-blur-6.jpg
1255,2,2000,0,0,18,female,gan-blur/gan-blur-31.jpg
1256,2,2000,0,0,18,female,gan-blur/gan-blur-9.jpg
1257,2,2000,0,1,18,female,gan-blur/gan-blur-10.jpg
1258,2,2000,1,0,18,female,real-blur/real-blur-11.jpg
1259,2,2000,1,0,18,female,real-blur/real-blur-3.jpg
1260,2,2000,1,0,18,female,real-blur/real-blur-26.jpg
1261,2,1000,0,1,18,female,gan-blur/gan-blur-12.jpg
1262,2,1000,1,0,18,female,real-blur/real-blur-25.jpg
1263,2,1000,0,0,18,female,gan-blur/gan-blur-41.jpg
1264,2,1000,1,0,18,female,real-blur/real-blur-64.jpg
1265,2,1000,0,1,18,female,gan-blur/gan-blur-34.jpg
1266,2,1000,1,0,18,female,real-blur/real-blur-6.jpg
1267,2,500,0,0,18,female,gan-blur/gan-blur-40.jpg
1268,2,500,0,0,18,female,gan-blur/gan-blur-18.jpg
1269,2,500,1,0,18,female,real-blur/real-blur-39.jpg
1270,2,500,0,1,18,female,gan-blur/gan-blur-13.jpg
1271,2,500,1,0,18,female,real-blur/real-blur-33.jpg
1272,2,500,1,0,18,female,real-blur/real-blur-54.jpg
1273,2,250,1,0,18,female,real-blur/real-blur-45.jpg
1274,2,250,1,1,18,female,real-blur/real-blur-15.jpg
1275,2,250,0,1,18,female,gan-blur/gan-blur-17.jpg
1276,2,250,0,1,18,female,gan-blur/gan-blur-15.jpg
1277,2,250,1,0,18,female,real-blur/real-blur-14.jpg
1278,2,250,0,0,18,female,gan-blur/gan-blur-21.jpg
1279,1,5000,0,1,19,female,gan/gan-8.jpg
1280,1,5000,0,0,19,female,gan/gan-37.jpg
1281,1,5000,1,0,19,female,real/real-30.jpg
1282,1,5000,1,0,19,female,real/real-1.jpg
1283,1,5000,0,0,19,female,gan/gan-31.jpg
1284,1,5000,1,0,19,female,real/real-40.jpg
1285,1,2000,0,0,19,female,gan/gan-22.jpg
1286,1,2000,1,1,19,female,real/real-53.jpg
1287,1,2000,0,0,19,female,gan/gan-29.jpg
1288,1,2000,0,1,19,female,gan/gan-42.jpg
1289,1,2000,1,1,19,female,real/real-55.jpg
1290,1,2000,1,1,19,female,real/real-58.jpg
1291,1,1000,1,1,19,female,real/real-37.jpg
1292,1,1000,0,0,19,female,gan/gan-6.jpg
1293,1,1000,1,1,19,female,real/real-22.jpg
1294,1,1000,1,1,19,female,real/real-55.jpg
1295,1,1000,0,1,19,female,gan/gan-5.jpg
1296,1,1000,0,1,19,female,gan/gan-35.jpg
1297,1,500,1,1,19,female,real/real-41.jpg
1298,1,500,0,1,19,female,gan/gan-27.jpg
1299,1,500,0,0,19,female,gan/gan-34.jpg
1300,1,500,0,1,19,female,gan/gan-37.jpg
1301,1,500,1,1,19,female,real/real-12.jpg
1302,1,500,1,0,19,female,real/real-23.jpg
1303,1,250,1,1,19,female,real/real-2.jpg
1304,1,250,1,0,19,female,real/real-1.jpg
1305,1,250,0,1,19,female,gan/gan-40.jpg
1306,1,250,1,1,19,female,real/real-22.jpg
1307,1,250,0,1,19,female,gan/gan-42.jpg
1308,1,250,0,1,19,female,gan/gan-27.jpg
1309,2,5000,0,0,19,female,gan-blur/gan-blur-25.jpg
1310,2,5000,1,0,19,female,real-blur/real-blur-36.jpg
1311,2,5000,1,1,19,female,real-blur/real-blur-67.jpg
1312,2,5000,1,1,19,female,real-blur/real-blur-53.jpg
1313,2,5000,0,1,19,female,gan-blur/gan-blur-17.jpg
1314,2,5000,0,0,19,female,gan-blur/gan-blur-10.jpg
1315,2,2000,0,0,19,female,gan-blur/gan-blur-15.jpg
1316,2,2000,1,0,19,female,real-blur/real-blur-21.jpg
1317,2,2000,0,1,19,female,gan-blur/gan-blur-17.jpg
1318,2,2000,1,0,19,female,real-blur/real-blur-31.jpg
1319,2,2000,0,0,19,female,gan-blur/gan-blur-5.jpg
1320,2,2000,1,1,19,female,real-blur/real-blur-7.jpg
1321,2,1000,1,0,19,female,real-blur/real-blur-29.jpg
1322,2,1000,0,0,19,female,gan-blur/gan-blur-4.jpg
1323,2,1000,0,1,19,female,gan-blur/gan-blur-7.jpg
1324,2,1000,1,1,19,female,real-blur/real-blur-32.jpg
1325,2,1000,1,0,19,female,real-blur/real-blur-39.jpg
1326,2,1000,0,1,19,female,gan-blur/gan-blur-14.jpg
1327,2,500,1,0,19,female,real-blur/real-blur-21.jpg
1328,2,500,0,0,19,female,gan-blur/gan-blur-3.jpg
1329,2,500,0,0,19,female,gan-blur/gan-blur-31.jpg
1330,2,500,1,1,19,female,real-blur/real-blur-8.jpg
1331,2,500,1,1,19,female,real-blur/real-blur-55.jpg
1332,2,500,0,1,19,female,gan-blur/gan-blur-1.jpg
1333,2,250,1,0,19,female,real-blur/real-blur-33.jpg
1334,2,250,0,0,19,female,gan-blur/gan-blur-32.jpg
1335,2,250,1,1,19,female,real-blur/real-blur-14.jpg
1336,2,250,0,1,19,female,gan-blur/gan-blur-10.jpg
1337,2,250,0,1,19,female,gan-blur/gan-blur-13.jpg
1338,2,250,1,1,19,female,real-blur/real-blur-57.jpg
1339,1,5000,0,0,21,female,gan/gan-6.jpg
1340,1,5000,1,1,21,female,real/real-14.jpg
1341,1,5000,0,1,21,female,gan/gan-42.jpg
1342,1,5000,1,1,21,female,real/real-46.jpg
1343,1,5000,1,0,21,female,real/real-8.jpg
1344,1,5000,0,0,21,female,gan/gan-10.jpg
1345,1,2000,1,1,21,female,real/real-24.jpg
1346,1,2000,1,0,21,female,real/real-11.jpg
1347,1,2000,0,0,21,female,gan/gan-16.jpg
1348,1,2000,1,1,21,female,real/real-52.jpg
1349,1,2000,0,0,21,female,gan/gan-23.jpg
1350,1,2000,0,1,21,female,gan/gan-35.jpg
1351,1,5000,0,0,21,male,gan/gan-16.jpg
1352,1,5000,0,0,21,male,gan/gan-20.jpg
1353,1,5000,0,0,21,male,gan/gan-7.jpg
1354,1,5000,1,1,21,male,real/real-3.jpg
1355,1,5000,1,1,21,male,real/real-8.jpg
1356,1,5000,1,1,21,male,real/real-1.jpg
1357,1,2000,0,0,21,male,gan/gan-5.jpg
1358,1,2000,0,0,21,male,gan/gan-22.jpg
1359,1,2000,1,1,21,male,real/real-4.jpg
1360,1,2000,1,1,21,male,real/real-35.jpg
1361,1,2000,0,0,21,male,gan/gan-19.jpg
1362,1,2000,1,1,21,male,real/real-40.jpg
1363,1,1000,0,1,21,male,gan/gan-19.jpg
1364,1,1000,1,1,21,male,real/real-2.jpg
1365,1,1000,0,1,21,male,gan/gan-21.jpg
1366,1,1000,0,0,21,male,gan/gan-5.jpg
1367,1,1000,1,1,21,male,real/real-22.jpg
1368,1,1000,1,1,21,male,real/real-7.jpg
1369,1,500,0,1,21,male,gan/gan-25.jpg
1370,1,500,1,1,21,male,real/real-18.jpg
1371,1,500,1,1,21,male,real/real-45.jpg
1372,1,500,0,1,21,male,gan/gan-28.jpg
1373,1,500,0,1,21,male,gan/gan-29.jpg
1374,1,500,1,1,21,male,real/real-42.jpg
1375,1,250,1,1,21,male,real/real-28.jpg
1376,1,250,0,0,21,male,gan/gan-3.jpg
1377,1,250,1,1,21,male,real/real-23.jpg
1378,1,250,0,1,21,male,gan/gan-21.jpg
1379,1,250,0,1,21,male,gan/gan-39.jpg
1380,1,250,1,1,21,male,real/real-42.jpg
1381,2,5000,0,0,21,male,gan-blur/gan-blur-23.jpg
1382,2,5000,1,0,21,male,real-blur/real-blur-49.jpg
1383,2,5000,0,0,21,male,gan-blur/gan-blur-39.jpg
1384,2,5000,0,0,21,male,gan-blur/gan-blur-16.jpg
1385,2,5000,1,1,21,male,real-blur/real-blur-31.jpg
1386,2,5000,1,0,21,male,real-blur/real-blur-11.jpg
1387,2,2000,1,1,21,male,real-blur/real-blur-61.jpg
1388,2,2000,1,1,21,male,real-blur/real-blur-51.jpg
1389,2,2000,1,1,21,male,real-blur/real-blur-21.jpg
1390,2,2000,0,0,21,male,gan-blur/gan-blur-31.jpg
1391,2,2000,0,0,21,male,gan-blur/gan-blur-40.jpg
1392,2,2000,0,1,21,male,gan-blur/gan-blur-38.jpg
1393,2,1000,1,1,21,male,real-blur/real-blur-21.jpg
1394,2,1000,0,0,21,male,gan-blur/gan-blur-9.jpg
1395,2,1000,1,1,21,male,real-blur/real-blur-1.jpg
1396,2,1000,1,0,21,male,real-blur/real-blur-51.jpg
1397,2,1000,0,0,21,male,gan-blur/gan-blur-4.jpg
1398,2,1000,0,0,21,male,gan-blur/gan-blur-26.jpg
1399,2,500,1,0,21,male,real-blur/real-blur-58.jpg
1400,2,500,1,0,21,male,real-blur/real-blur-49.jpg
1401,2,500,0,1,21,male,gan-blur/gan-blur-13.jpg
1402,2,500,0,0,21,male,gan-blur/gan-blur-10.jpg
1403,2,500,1,1,21,male,real-blur/real-blur-12.jpg
1404,2,500,0,1,21,male,gan-blur/gan-blur-15.jpg
1405,2,250,1,1,21,male,real-blur/real-blur-31.jpg
1406,2,250,1,0,21,male,real-blur/real-blur-32.jpg
1407,2,250,0,1,21,male,gan-blur/gan-blur-26.jpg
1408,2,250,0,1,21,male,gan-blur/gan-blur-1.jpg
1409,2,250,0,1,21,male,gan-blur/gan-blur-13.jpg
1410,2,250,1,0,21,male,real-blur/real-blur-48.jpg
1411,1,1000,1,0,21,female,real/real-32.jpg
1412,1,1000,0,0,21,female,gan/gan-36.jpg
1413,1,1000,1,0,21,female,real/real-4.jpg
1414,1,1000,0,0,21,female,gan/gan-15.jpg
1415,1,1000,0,1,21,female,gan/gan-1.jpg
1416,1,1000,1,0,21,female,real/real-40.jpg
1417,1,5000,1,1,20,female,real/real-38.jpg
1418,1,5000,0,0,20,female,gan/gan-28.jpg
1419,1,5000,0,1,20,female,gan/gan-26.jpg
1420,1,5000,1,0,20,female,real/real-47.jpg
1421,1,5000,1,0,20,female,real/real-6.jpg
1422,1,5000,0,1,20,female,gan/gan-42.jpg
1423,1,2000,1,0,20,female,real/real-47.jpg
1424,1,2000,0,1,20,female,gan/gan-20.jpg
1425,1,2000,0,0,20,female,gan/gan-6.jpg
1426,1,2000,0,1,20,female,gan/gan-19.jpg
1427,1,2000,1,1,20,female,real/real-53.jpg
1428,1,2000,1,1,20,female,real/real-12.jpg
1429,1,1000,0,0,20,female,gan/gan-8.jpg
1430,1,1000,1,1,20,female,real/real-39.jpg
1431,1,1000,0,0,20,female,gan/gan-37.jpg
1432,1,1000,0,1,20,female,gan/gan-20.jpg
1433,1,1000,1,0,20,female,real/real-49.jpg
1434,1,1000,1,1,20,female,real/real-23.jpg
1435,1,500,0,0,20,female,gan/gan-14.jpg
1436,1,500,1,1,20,female,real/real-58.jpg
1437,1,500,0,1,20,female,gan/gan-3.jpg
1438,1,500,1,1,20,female,real/real-44.jpg
1439,1,500,0,0,20,female,gan/gan-34.jpg
1440,1,500,1,0,20,female,real/real-35.jpg
1441,1,500,0,1,21,female,gan/gan-42.jpg
1442,1,500,1,0,21,female,real/real-31.jpg
1443,1,500,1,1,21,female,real/real-46.jpg
1444,1,500,0,1,21,female,gan/gan-32.jpg
1445,1,500,1,1,21,female,real/real-17.jpg
1446,1,500,0,1,21,female,gan/gan-8.jpg
1447,1,250,1,1,20,female,real/real-20.jpg
1448,1,250,0,1,20,female,gan/gan-13.jpg
1449,1,250,0,0,20,female,gan/gan-34.jpg
1450,1,250,1,1,20,female,real/real-18.jpg
1451,1,250,0,1,20,female,gan/gan-1.jpg
1452,1,250,1,0,20,female,real/real-24.jpg
1453,2,5000,0,1,20,female,gan-blur/gan-blur-16.jpg
1454,2,5000,1,0,20,female,real-blur/real-blur-11.jpg
1455,2,5000,1,0,20,female,real-blur/real-blur-14.jpg
1456,2,5000,0,0,20,female,gan-blur/gan-blur-13.jpg
1457,2,5000,1,1,20,female,real-blur/real-blur-23.jpg
1458,2,5000,0,0,20,female,gan-blur/gan-blur-15.jpg
1459,2,2000,1,0,20,female,real-blur/real-blur-33.jpg
1460,2,2000,0,0,20,female,gan-blur/gan-blur-18.jpg
1461,2,2000,1,1,20,female,real-blur/real-blur-40.jpg
1462,2,2000,1,1,20,female,real-blur/real-blur-19.jpg
1463,2,2000,0,0,20,female,gan-blur/gan-blur-35.jpg
1464,2,2000,0,1,20,female,gan-blur/gan-blur-23.jpg
1465,2,1000,0,0,20,female,gan-blur/gan-blur-32.jpg
1466,2,1000,1,1,20,female,real-blur/real-blur-45.jpg
1467,2,1000,1,0,20,female,real-blur/real-blur-50.jpg
1468,2,1000,1,1,20,female,real-blur/real-blur-17.jpg
1469,2,1000,0,1,20,female,gan-blur/gan-blur-20.jpg
1470,2,1000,0,0,20,female,gan-blur/gan-blur-12.jpg
1471,2,500,1,0,20,female,real-blur/real-blur-7.jpg
1472,2,500,0,0,20,female,gan-blur/gan-blur-40.jpg
1473,2,500,0,0,20,female,gan-blur/gan-blur-2.jpg
1474,2,500,1,0,20,female,real-blur/real-blur-39.jpg
1475,2,500,1,0,20,female,real-blur/real-blur-55.jpg
1476,2,500,0,1,20,female,gan-blur/gan-blur-6.jpg
1477,2,250,0,0,20,female,gan-blur/gan-blur-34.jpg
1478,2,250,1,1,20,female,real-blur/real-blur-32.jpg
1479,2,250,0,0,20,female,gan-blur/gan-blur-35.jpg
1480,2,250,1,1,20,female,real-blur/real-blur-65.jpg
1481,2,250,0,0,20,female,gan-blur/gan-blur-33.jpg
1482,2,250,1,0,20,female,real-blur/real-blur-58.jpg
1483,1,5000,1,1,18,male,real/real-43.jpg
1484,1,5000,1,1,18,male,real/real-28.jpg
1485,1,5000,0,0,18,male,gan/gan-38.jpg
1486,1,5000,1,0,18,male,real/real-27.jpg
1487,1,5000,0,0,18,male,gan/gan-3.jpg
1488,1,5000,0,0,18,male,gan/gan-31.jpg
1489,1,2000,0,1,18,male,gan/gan-18.jpg
1490,1,2000,1,0,18,male,real/real-2.jpg
1491,1,2000,1,1,18,male,real/real-25.jpg
1492,1,2000,1,0,18,male,real/real-31.jpg
1493,1,2000,0,1,18,male,gan/gan-15.jpg
1494,1,2000,0,1,18,male,gan/gan-29.jpg
1495,1,1000,1,1,18,male,real/real-15.jpg
1496,1,1000,1,0,18,male,real/real-31.jpg
1497,1,1000,0,1,18,male,gan/gan-29.jpg
1498,1,1000,0,1,18,male,gan/gan-3.jpg
1499,1,1000,0,0,18,male,gan/gan-42.jpg
1500,1,1000,1,1,18,male,real/real-6.jpg
1501,1,500,1,1,18,male,real/real-10.jpg
1502,1,500,0,0,18,male,gan/gan-42.jpg
1503,1,500,0,1,18,male,gan/gan-19.jpg
1504,1,500,0,1,18,male,gan/gan-26.jpg
1505,1,500,1,0,18,male,real/real-37.jpg
1506,1,500,1,1,18,male,real/real-3.jpg
1507,1,250,1,1,18,male,real/real-23.jpg
1508,1,250,0,0,18,male,gan/gan-35.jpg
1509,1,250,0,1,18,male,gan/gan-10.jpg
1510,1,250,1,1,18,male,real/real-41.jpg
1511,1,250,0,1,18,male,gan/gan-25.jpg
1512,1,250,1,1,18,male,real/real-37.jpg
1513,1,5000,0,1,23,male,gan/gan-33.jpg
1514,1,5000,0,0,23,male,gan/gan-35.jpg
1515,1,5000,0,0,23,male,gan/gan-2.jpg
1516,1,5000,1,1,23,male,real/real-13.jpg
1517,1,5000,1,1,23,male,real/real-38.jpg
1518,1,5000,1,1,23,male,real/real-57.jpg
1519,1,2000,1,1,23,male,real/real-3.jpg
1520,1,2000,0,0,23,male,gan/gan-24.jpg
1521,1,2000,0,0,23,male,gan/gan-31.jpg
1522,1,2000,1,1,23,male,real/real-20.jpg
1523,1,2000,0,0,23,male,gan/gan-32.jpg
1524,1,2000,1,1,23,male,real/real-47.jpg
1525,1,1000,1,1,23,male,real/real-51.jpg
1526,1,1000,1,0,23,male,real/real-49.jpg
1527,1,1000,1,0,23,male,real/real-26.jpg
1528,1,1000,0,0,23,male,gan/gan-19.jpg
1529,1,1000,0,0,23,male,gan/gan-42.jpg
1530,1,1000,0,0,23,male,gan/gan-24.jpg
1531,1,500,1,0,23,male,real/real-45.jpg
1532,1,500,0,0,23,male,gan/gan-28.jpg
1533,1,500,1,1,23,male,real/real-11.jpg
1534,1,500,1,1,23,male,real/real-14.jpg
1535,1,500,0,0,23,male,gan/gan-36.jpg
1536,1,500,0,0,23,male,gan/gan-39.jpg
1537,1,250,0,0,23,male,gan/gan-7.jpg
1538,1,250,1,1,23,male,real/real-8.jpg
1539,1,250,0,0,23,male,gan/gan-4.jpg
1540,1,250,1,1,23,male,real/real-34.jpg
1541,1,250,1,0,23,male,real/real-10.jpg
1542,1,250,0,0,23,male,gan/gan-41.jpg
1543,1,5000,0,0,19,female,gan/gan-25.jpg
1544,1,5000,1,1,19,female,real/real-36.jpg
1545,1,5000,0,0,19,female,gan/gan-29.jpg
1546,1,5000,1,1,19,female,real/real-14.jpg
1547,1,5000,1,1,19,female,real/real-16.jpg
1548,1,5000,0,1,19,female,gan/gan-1.jpg
1549,1,2000,1,1,19,female,real/real-28.jpg
1550,1,2000,1,1,19,female,real/real-6.jpg
1551,1,2000,0,0,19,female,gan/gan-11.jpg
1552,1,2000,0,0,19,female,gan/gan-7.jpg
1553,1,2000,0,1,19,female,gan/gan-17.jpg
1554,1,2000,1,1,19,female,real/real-24.jpg
1555,1,1000,1,1,19,female,real/real-51.jpg
1556,1,1000,1,1,19,female,real/real-13.jpg
1557,1,1000,0,0,19,female,gan/gan-42.jpg
1558,1,1000,1,1,19,female,real/real-54.jpg
1559,1,1000,0,0,19,female,gan/gan-22.jpg
1560,1,1000,0,0,19,female,gan/gan-16.jpg
1561,1,500,1,1,19,female,real/real-27.jpg
1562,1,500,0,0,19,female,gan/gan-23.jpg
1563,1,500,0,0,19,female,gan/gan-22.jpg
1564,1,500,0,0,19,female,gan/gan-12.jpg
1565,1,500,1,1,19,female,real/real-6.jpg
1566,1,500,1,1,19,female,real/real-33.jpg
1567,1,250,1,1,19,female,real/real-24.jpg
1568,1,250,1,1,19,female,real/real-18.jpg
1569,1,250,0,0,19,female,gan/gan-28.jpg
1570,1,250,0,0,19,female,gan/gan-4.jpg
1571,1,250,1,1,19,female,real/real-31.jpg
1572,1,250,0,0,19,female,gan/gan-23.jpg
1573,1,5000,0,0,20,female,gan/gan-29.jpg
1574,1,5000,1,1,20,female,real/real-43.jpg
1575,1,5000,0,0,20,female,gan/gan-28.jpg
1576,1,5000,1,0,20,female,real/real-53.jpg
1577,1,5000,1,1,20,female,real/real-51.jpg
1578,1,5000,0,1,20,female,gan/gan-7.jpg
1579,1,2000,0,0,20,female,gan/gan-16.jpg
1580,1,2000,0,1,20,female,gan/gan-11.jpg
1581,1,2000,1,1,20,female,real/real-30.jpg
1582,1,2000,0,0,20,female,gan/gan-4.jpg
1583,1,2000,1,0,20,female,real/real-29.jpg
1584,1,2000,1,1,20,female,real/real-28.jpg
1585,1,1000,1,1,20,female,real/real-14.jpg
1586,1,1000,1,1,20,female,real/real-48.jpg
1587,1,1000,0,1,20,female,gan/gan-41.jpg
1588,1,1000,1,0,20,female,real/real-17.jpg
1589,1,1000,0,0,20,female,gan/gan-15.jpg
1590,1,1000,0,0,20,female,gan/gan-16.jpg
1591,1,500,1,1,20,female,real/real-14.jpg
1592,1,500,0,0,20,female,gan/gan-25.jpg
1593,1,500,0,0,20,female,gan/gan-20.jpg
1594,1,500,0,0,20,female,gan/gan-2.jpg
1595,1,500,1,1,20,female,real/real-8.jpg
1596,1,500,1,1,20,female,real/real-19.jpg
1597,1,250,0,1,20,female,gan/gan-10.jpg
1598,1,250,1,1,20,female,real/real-30.jpg
1599,1,250,1,0,20,female,real/real-48.jpg
1600,1,250,1,1,20,female,real/real-50.jpg
1601,1,250,0,1,20,female,gan/gan-3.jpg
1602,1,250,0,0,20,female,gan/gan-20.jpg
1603,2,5000,0,1,20,female,gan-blur/gan-blur-41.jpg
1604,2,5000,1,1,20,female,real-blur/real-blur-11.jpg
1605,2,5000,1,0,20,female,real-blur/real-blur-47.jpg
1606,2,5000,1,1,20,female,real-blur/real-blur-1.jpg
1607,2,5000,0,0,20,female,gan-blur/gan-blur-15.jpg
1608,2,5000,0,1,20,female,gan-blur/gan-blur-11.jpg
1609,1,5000,0,0,0,other,gan/gan-39.jpg
1610,1,5000,1,0,0,other,real/real-45.jpg
1611,1,5000,1,0,0,other,real/real-15.jpg
1612,1,5000,1,1,0,other,real/real-36.jpg
1613,1,5000,0,1,0,other,gan/gan-19.jpg
1614,1,5000,0,0,0,other,gan/gan-27.jpg
1615,1,2000,1,0,0,other,real/real-20.jpg
1616,1,2000,0,0,0,other,gan/gan-22.jpg
1617,1,2000,0,0,0,other,gan/gan-25.jpg
1618,1,2000,1,1,0,other,real/real-6.jpg
1619,1,2000,1,1,0,other,real/real-11.jpg
1620,1,2000,0,0,0,other,gan/gan-24.jpg
1621,1,1000,0,0,0,other,gan/gan-25.jpg
1622,1,1000,1,1,0,other,real/real-15.jpg
1623,1,1000,1,0,0,other,real/real-18.jpg
1624,1,1000,1,0,0,other,real/real-49.jpg
1625,1,1000,0,0,0,other,gan/gan-2.jpg
1626,1,1000,0,0,0,other,gan/gan-12.jpg
1627,1,500,1,0,0,other,real/real-4.jpg
1628,1,500,1,0,0,other,real/real-21.jpg
1629,1,500,0,0,0,other,gan/gan-2.jpg
1630,1,500,0,0,0,other,gan/gan-35.jpg
1631,1,500,1,1,0,other,real/real-43.jpg
1632,1,500,0,0,0,other,gan/gan-6.jpg
